id,index,task,fold,row,target_1,target_2,target_3
0,0,0,0,0,0.007962927,0.022636876,0.89966834
1,1,0,0,1,0.01700645,0.03176587,0.8837464
2,2,0,0,2,0.04312145,0.052336346,0.82427776
3,3,0,0,3,0.07468358,0.07380326,0.7449292
4,4,0,0,4,0.105673365,0.09220918,0.6609899
5,5,0,0,5,0.12359689,0.10148584,0.6093729
6,6,0,0,6,0.12355383,0.10146499,0.60950017
7,7,0,0,7,0.12349882,0.10143835,0.6096626
8,8,0,0,8,0.1236448,0.10150903,0.6092314
9,9,0,0,9,0.1236448,0.10150903,0.6092314
10,10,0,0,10,0.1236448,0.10150903,0.6092314
11,11,0,0,11,0.1236448,0.10150903,0.6092314
12,12,0,0,12,0.12619266,0.10214767,0.6004042
13,13,0,0,13,0.14311703,0.10566689,0.54049826
14,14,0,0,14,0.17452334,0.10843622,0.42254043
15,15,0,0,15,0.21254459,0.101920776,0.26153302
16,16,0,0,16,0.24074423,0.07821876,0.107518345
17,17,0,0,17,0.24937922,0.047901243,0.018559396
18,18,0,0,18,0.24934676,0.027617753,0.0
19,19,0,0,19,0.24830133,0.01638861,0.0
20,20,0,0,20,0.24791741,0.013170876,0.0
21,21,0,0,21,0.24791741,0.013170876,0.0
22,22,0,0,22,0.24791741,0.013170876,0.0
23,23,0,0,23,0.24791741,0.013170876,0.0
24,24,0,0,24,0.24791741,0.013170876,0.0
25,25,0,0,25,0.21089,0.10779276,0.27131826
26,26,0,0,26,0.24585359,0.105924934,0.14029023
27,27,0,0,27,0.26191527,0.08220764,0.04036355
28,28,0,0,28,0.25999135,0.05411741,0.0
29,29,0,0,29,0.25316978,0.028543532,0.0
30,30,0,0,30,0.24793059,0.013207383,0.0
31,31,0,0,31,0.2479427,0.0132409185,0.0
32,32,0,0,32,0.24795835,0.013284206,0.0
33,33,0,0,33,0.24791741,0.013170876,0.0
34,34,0,0,34,0.24791741,0.013170876,0.0
35,35,0,0,35,0.24791741,0.013170876,0.0
36,36,0,0,36,0.24791741,0.013170876,0.0
37,37,0,1,0,0.0,0.0,0.96196055
38,38,0,1,1,0.0,0.005256258,0.9455404
39,39,0,1,2,0.017763212,0.029589325,0.88931215
40,40,0,1,3,0.04570522,0.05926103,0.8164328
41,41,0,1,4,0.0736396,0.08812423,0.74351704
42,42,0,1,5,0.08982389,0.104399115,0.70187974
43,43,0,1,6,0.089785844,0.104361326,0.70197666
44,44,0,1,7,0.08973687,0.104312696,0.70210147
45,45,0,1,8,0.08986596,0.1044409,0.7017726
46,46,0,1,9,0.08986596,0.1044409,0.7017726
47,47,0,1,10,0.08986596,0.1044409,0.7017726
48,48,0,1,11,0.08986596,0.1044409,0.7017726
49,49,0,1,12,0.0921271,0.106376424,0.69495577
50,50,0,1,13,0.107013464,0.11853971,0.64967084
51,51,0,1,14,0.13708118,0.14063448,0.5567015
52,52,0,1,15,0.18200533,0.16905446,0.4157974
53,53,0,1,16,0.24095687,0.19981907,0.22971475
54,54,0,1,17,0.2778976,0.21504399,0.114052
55,55,0,1,18,0.29348218,0.21938267,0.06689307
56,56,0,1,19,0.29844457,0.21980357,0.05283904
57,57,0,1,20,0.2997467,0.21966936,0.04940203
58,58,0,1,21,0.2997467,0.21966936,0.04940203
59,59,0,1,22,0.2997467,0.21966936,0.04940203
60,60,0,1,23,0.2997467,0.21966936,0.04940203
61,61,0,1,24,0.2997467,0.21966936,0.04940203
62,62,0,1,25,0.18515179,0.14417365,0.40650898
63,63,0,1,26,0.24432772,0.18425167,0.2322756
64,64,0,1,27,0.28864786,0.21279985,0.097133815
65,65,0,1,28,0.3019461,0.221055,0.051442802
66,66,0,1,29,0.30265936,0.22149321,0.04370433
67,67,0,1,30,0.29975605,0.21967521,0.04938045
68,68,0,1,31,0.29976463,0.21968064,0.049360693
69,69,0,1,32,0.29977566,0.21968761,0.049335092
70,70,0,1,33,0.2997467,0.21966936,0.04940203
71,71,0,1,34,0.2997467,0.21966936,0.04940203
72,72,0,1,35,0.2997467,0.21966936,0.04940203
73,73,0,1,36,0.2997467,0.21966936,0.04940203
74,74,0,2,0,0.0013675839,0.006069094,0.853814
75,75,0,2,1,0.0013675839,0.006069094,0.853814
76,76,0,2,2,0.0013675839,0.006069094,0.853814
77,77,0,2,3,0.0013675839,0.006069094,0.853814
78,78,0,2,4,0.0,0.0,0.904456
79,79,0,2,5,0.0,0.0,0.9088607
80,80,0,2,6,0.0,0.0,0.8945054
81,81,0,2,7,0.0,0.0,0.8752882
82,82,0,2,8,0.0,0.0045579374,0.8575728
83,83,0,2,9,0.0013495982,0.006053306,0.85385144
84,84,0,2,10,0.001335904,0.0060412735,0.85388005
85,85,0,2,11,0.25328845,0.2200803,0.19045943
86,86,0,2,12,0.25328845,0.2200803,0.19045943
87,87,0,2,13,0.25328845,0.2200803,0.19045943
88,88,0,2,14,0.25328845,0.2200803,0.19045943
89,89,0,2,15,0.043284617,0.050266534,0.72303927
90,90,0,2,16,0.14280178,0.13563728,0.46162748
91,91,0,2,17,0.20509724,0.18496442,0.30604556
92,92,0,2,18,0.23749527,0.20837046,0.22702006
93,93,0,2,19,0.251431,0.21837278,0.19433767
94,94,0,2,20,0.253276,0.22006741,0.19048384
95,95,0,2,21,0.2532663,0.22005737,0.19050288
96,96,0,2,22,0.0,0.0,0.91048765
97,97,0,2,23,0.0,0.0,0.9015106
98,98,0,2,24,0.0,0.0,0.8831333
99,99,0,2,25,0.0,0.002165988,0.8644285
100,100,0,2,26,0.0013540983,0.0060572326,0.85384214
101,101,0,2,27,0.001341939,0.006046556,0.8538674
102,102,0,2,28,0.0013264418,0.006032996,0.8538997
103,103,0,2,29,0.0013675839,0.006069094,0.853814
104,104,0,2,30,0.0013675839,0.006069094,0.853814
105,105,0,2,31,0.0013675839,0.006069094,0.853814
106,106,0,2,32,0.0013675839,0.006069094,0.853814
107,107,0,2,33,0.002389446,0.007203229,0.8501184
108,108,0,2,34,0.011097923,0.016488336,0.8213985
109,109,0,2,35,0.03456609,0.040060326,0.752137
110,110,0,2,36,0.088896826,0.09082867,0.6037204
111,111,0,2,37,0.16559966,0.15616468,0.40411526
112,112,0,2,38,0.21699625,0.19560133,0.2752331
113,113,0,2,39,0.24141589,0.21254101,0.21678498
114,114,0,2,40,0.25061867,0.21843952,0.19612303
115,115,0,2,41,0.25328845,0.2200803,0.19045943
116,116,0,2,42,0.25328845,0.2200803,0.19045943
117,117,0,2,43,0.25328845,0.2200803,0.19045943
118,118,0,2,44,0.25328845,0.2200803,0.19045943
119,119,0,2,45,0.25328845,0.2200803,0.19045943
120,120,0,2,46,0.042474054,0.04954505,0.7252605
121,121,0,2,47,0.10662367,0.10535419,0.5544628
122,122,0,2,48,0.18405798,0.16881236,0.3580618
123,123,0,2,49,0.22716191,0.20112106,0.25204387
124,124,0,2,50,0.24736665,0.2152653,0.20355368
125,125,0,2,51,0.25327915,0.22007066,0.19047767
126,126,0,2,52,0.25327057,0.22006178,0.19049448
127,127,0,2,53,0.2532595,0.22005033,0.1905163
128,128,0,2,54,0.25328845,0.2200803,0.19045943
129,129,0,2,55,0.25328845,0.2200803,0.19045943
130,130,0,2,56,0.25328845,0.2200803,0.19045943
131,131,0,2,57,0.25328845,0.2200803,0.19045943
132,132,0,3,0,0.03984321,0.030490033,0.8835671
133,133,0,3,1,0.03984321,0.030490033,0.8835671
134,134,0,3,2,0.03984321,0.030490033,0.8835671
135,135,0,3,3,0.03984321,0.030490033,0.8835671
136,136,0,3,4,0.0054746866,0.006722547,0.9355583
137,137,0,3,5,0.0015702695,0.0017174482,0.9574665
138,138,0,3,6,0.006778881,0.0035614893,0.95169485
139,139,0,3,7,0.01899372,0.012376063,0.92773145
140,140,0,3,8,0.03562986,0.026627697,0.8926693
141,141,0,3,9,0.03979978,0.030449755,0.8836612
142,142,0,3,10,0.03976667,0.030419089,0.88373315
143,143,0,3,11,0.38015947,0.2984612,0.024611175
144,144,0,3,12,0.38015947,0.2984612,0.024611175
145,145,0,3,13,0.38015947,0.2984612,0.024611175
146,146,0,3,14,0.38015947,0.2984612,0.024611175
147,147,0,3,15,0.16779533,0.1448188,0.52958614
148,148,0,3,16,0.31761038,0.26692694,0.1914185
149,149,0,3,17,0.37757874,0.30912483,0.052591145
150,150,0,3,18,0.39160633,0.31315953,0.013283849
151,151,0,3,19,0.38421738,0.30241734,0.019015938
152,152,0,3,20,0.38019508,0.2984943,0.02456069
153,153,0,3,21,0.38022292,0.2985202,0.024521232
154,154,0,3,22,0.005988285,0.0071520433,0.9332417
155,155,0,3,23,0.0019845068,0.0030236244,0.9525996
156,156,0,3,24,0.0036732852,0.0019137859,0.95673
157,157,0,3,25,0.01340434,0.008075133,0.9390501
158,158,0,3,26,0.028578408,0.020372584,0.9077178
159,159,0,3,27,0.039810576,0.03045977,0.8836378
160,160,0,3,28,0.039781228,0.030432552,0.8837015
161,161,0,3,29,0.03974379,0.030397907,0.8837827
162,162,0,3,30,0.03984321,0.030490033,0.8835671
163,163,0,3,31,0.03984321,0.030490033,0.8835671
164,164,0,3,32,0.03984321,0.030490033,0.8835671
165,165,0,3,33,0.03984321,0.030490033,0.8835671
166,166,0,3,34,0.042392157,0.03253314,0.8777205
167,167,0,3,35,0.06543811,0.05141636,0.82377034
168,168,0,3,36,0.1232267,0.0999679,0.68407685
169,169,0,3,37,0.23015724,0.18935785,0.4175551
170,170,0,3,38,0.3364807,0.2738214,0.14521152
171,171,0,3,39,0.37862137,0.30313373,0.034065038
172,172,0,3,40,0.38518173,0.30489987,0.014552355
173,173,0,3,41,0.38206285,0.30047637,0.020452946
174,174,0,3,42,0.38015947,0.2984612,0.024611175
175,175,0,3,43,0.38015947,0.2984612,0.024611175
176,176,0,3,44,0.38015947,0.2984612,0.024611175
177,177,0,3,45,0.38015947,0.2984612,0.024611175
178,178,0,3,46,0.38015947,0.2984612,0.024611175
179,179,0,3,47,0.16704883,0.14418797,0.5312701
180,180,0,3,48,0.2715309,0.23064236,0.2957021
181,181,0,3,49,0.36078596,0.29849136,0.09241527
182,182,0,3,50,0.38957223,0.31430572,0.021421969
183,183,0,3,51,0.38879687,0.30762482,0.013455629
184,184,0,3,52,0.3801862,0.29848605,0.024573207
185,185,0,3,53,0.38021076,0.29850888,0.024538457
186,186,0,3,54,0.38024238,0.29853833,0.024493724
187,187,0,3,55,0.38015947,0.2984612,0.024611175
188,188,0,3,56,0.38015947,0.2984612,0.024611175
189,189,0,3,57,0.38015947,0.2984612,0.024611175
190,190,0,3,58,0.38015947,0.2984612,0.024611175
191,191,0,4,0,0.0072842836,0.0,0.9452863
192,192,0,4,1,0.0072842836,0.0,0.9452863
193,193,0,4,2,0.0072842836,0.0,0.9452863
194,194,0,4,3,0.0072842836,0.0,0.9452863
195,195,0,4,4,0.00029578805,0.000844419,0.9524772
196,196,0,4,5,0.0,0.0,0.9877504
197,197,0,4,6,0.0,0.0,0.9968128
198,198,0,4,7,0.0,0.0,0.9835862
199,199,0,4,8,0.0040238798,0.0,0.9539544
200,200,0,4,9,0.007250026,0.0,0.945377
201,201,0,4,10,0.0072236955,0.0,0.9454464
202,202,0,4,11,0.30946863,0.19285256,0.073450446
203,203,0,4,12,0.30946863,0.19285256,0.073450446
204,204,0,4,13,0.30946863,0.19285256,0.073450446
205,205,0,4,14,0.30946863,0.19285256,0.073450446
206,206,0,4,15,0.102541134,0.05962369,0.6698793
207,207,0,4,16,0.20087126,0.12443964,0.39812174
208,208,0,4,17,0.26120585,0.16445166,0.22783402
209,209,0,4,18,0.29359335,0.18487263,0.1303652
210,210,0,4,19,0.30772734,0.19232413,0.08118844
211,211,0,4,20,0.30945754,0.19285041,0.073504955
212,212,0,4,21,0.3094489,0.19284873,0.07354736
213,213,0,5,0,0.0,0.0,0.89469224
214,214,0,5,1,0.006915778,0.004062839,0.83457756
215,215,0,5,2,0.03526867,0.022776954,0.7444433
216,216,0,5,3,0.062665254,0.04172965,0.65419006
217,217,0,5,4,0.08372841,0.058022946,0.57942
218,218,0,5,5,0.087380156,0.061172485,0.56556934
219,219,0,5,6,0.087380156,0.061172485,0.56556934
220,220,0,5,7,0.087380156,0.061172485,0.56556934
221,221,0,5,8,0.087380156,0.061172485,0.56556934
222,222,0,5,9,0.087380156,0.061172485,0.56556934
223,223,0,5,10,0.087380156,0.061172485,0.56556934
224,224,0,5,11,0.087380156,0.061172485,0.56556934
225,225,0,5,12,0.087380156,0.061172485,0.56556934
226,226,0,5,13,0.087380156,0.061172485,0.56556934
227,227,0,5,14,0.087380156,0.061172485,0.56556934
228,228,0,5,15,0.087380156,0.061172485,0.56556934
229,229,0,5,16,0.087380156,0.061172485,0.56556934
230,230,0,5,17,0.087380156,0.061172485,0.56556934
231,231,0,6,0,0.004473284,0.005250752,0.92241883
232,232,0,6,1,0.0049173087,0.006747119,0.93051875
233,233,0,6,2,0.004633859,0.0054268017,0.9407033
234,234,0,6,3,0.0040011257,0.002778761,0.9465613
235,235,0,6,4,0.0038086474,0.0009787679,0.9458512
236,236,0,6,5,0.0043508857,0.00097335875,0.94127536
237,237,0,6,6,0.004348606,0.00097197294,0.9412911
238,238,0,6,7,0.0043457,0.0009701699,0.94131124
239,239,0,6,8,0.004353419,0.0009749681,0.9412577
240,240,0,6,9,0.004353419,0.0009749681,0.9412577
241,241,0,6,10,0.004353419,0.0009749681,0.9412577
242,242,0,6,11,0.004353419,0.0009749681,0.9412577
243,243,0,6,12,0.0045974255,0.0010472238,0.9405616
244,244,0,6,13,0.008897468,0.0024730563,0.9282284
245,245,0,6,14,0.022000015,0.0076692924,0.8899652
246,246,0,6,15,0.05635044,0.023197211,0.78549623
247,247,0,6,16,0.11568849,0.051194936,0.5920166
248,248,0,6,17,0.16889021,0.07416998,0.40160537
249,249,0,6,18,0.19398287,0.082765035,0.30275363
250,250,0,6,19,0.20559758,0.085734524,0.25301844
251,251,0,6,20,0.20975676,0.08655908,0.23399323
252,252,0,6,21,0.20992444,0.08658905,0.23320544
253,253,0,6,22,0.20992444,0.08658905,0.23320544
254,254,0,6,23,0.20992444,0.08658905,0.23320544
255,255,0,6,24,0.20992444,0.08658905,0.23320544
256,256,0,6,25,0.20992386,0.086588845,0.23320723
257,257,0,6,26,0.20991907,0.08658695,0.23322332
258,258,0,6,27,0.20990932,0.08658311,0.2332558
259,259,0,6,28,0.20989466,0.086577326,0.23330486
260,260,0,6,29,0.2098752,0.08656967,0.23336986
261,261,0,6,30,0.20992444,0.08658905,0.23320544
262,262,0,6,31,0.20992444,0.08658905,0.23320544
263,263,0,6,32,0.20992444,0.08658905,0.23320544
264,264,0,6,33,0.20992444,0.08658905,0.23320544
265,265,0,7,0,0.0,0.011808746,0.91041374
266,266,0,7,1,0.0,0.006046891,0.92285687
267,267,0,7,2,0.0,0.0013381317,0.931053
268,268,0,7,3,0.0,0.00085644424,0.929247
269,269,0,7,4,0.0,0.0038675517,0.9197333
270,270,0,7,5,0.0,0.0071401373,0.9107915
271,271,0,7,6,0.0,0.007130809,0.9108163
272,272,0,7,7,0.0,0.0071189404,0.91084796
273,273,0,7,8,0.0,0.011808746,0.91041374
274,274,0,7,9,0.0,0.0065800995,0.9217774
275,275,0,7,10,0.0,0.001533486,0.9308197
276,276,0,7,11,0.0,0.0007617548,0.929672
277,277,0,7,12,0.0,0.00354781,0.9206444
278,278,0,7,13,0.0,0.007150501,0.910764
279,279,0,7,14,0.0,0.007150501,0.910764
280,280,0,7,15,0.0,0.007150501,0.910764
281,281,0,7,16,0.0,0.007150501,0.910764
282,282,0,7,17,0.0,0.007155739,0.9107514
283,283,0,7,18,0.00065758824,0.0081884265,0.90819407
284,284,0,7,19,0.011290818,0.01628036,0.88612175
285,285,0,7,20,0.041454397,0.040783085,0.8129295
286,286,0,7,21,0.092794746,0.08337292,0.67685956
287,287,0,7,22,0.15642129,0.13605042,0.49903378
288,288,0,7,23,0.20539834,0.176196,0.35764724
289,289,0,7,24,0.23742342,0.20215976,0.2632334
290,290,0,7,25,0.24852158,0.21107608,0.2300598
291,291,0,7,26,0.24980557,0.21210378,0.22620213
292,292,0,7,27,0.24980557,0.21210378,0.22620213
293,293,0,7,28,0.24980557,0.21210378,0.22620213
294,294,0,7,29,0.24980557,0.21210378,0.22620213
295,295,0,7,30,0.050161123,0.040864363,0.7543051
296,296,0,7,31,0.13174282,0.10862562,0.5386494
297,297,0,7,32,0.18938227,0.15775801,0.38644677
298,298,0,7,33,0.22515869,0.18915002,0.29179984
299,299,0,7,34,0.24577612,0.2081649,0.23700047
300,300,0,7,35,0.249777,0.21207538,0.22627896
301,301,0,7,36,0.24975468,0.21205315,0.22633892
302,302,0,7,37,0.24980557,0.21210378,0.22620213
303,303,0,7,38,0.24980557,0.21210378,0.22620213
304,304,0,7,39,0.24980557,0.21210378,0.22620213
305,305,0,7,40,0.24980557,0.21210378,0.22620213
306,306,0,8,0,0.0069014877,0.005538404,0.90402853
307,307,0,8,1,0.0069014877,0.005538404,0.90402853
308,308,0,8,2,0.0069014877,0.005538404,0.90402853
309,309,0,8,3,0.0069014877,0.005538404,0.90402853
310,310,0,8,4,0.0013047457,0.0035835654,0.90211785
311,311,0,8,5,0.0,0.0,0.9200033
312,312,0,8,6,0.0,0.0,0.92913073
313,313,0,8,7,0.0,0.0,0.92595744
314,314,0,8,8,0.3029544,0.33098465,0.1612609
315,315,0,8,9,0.3029544,0.33098465,0.1612609
316,316,0,8,10,0.3029544,0.33098465,0.1612609
317,317,0,8,11,0.3029544,0.33098465,0.1612609
318,318,0,8,12,0.05066082,0.059657194,0.74390733
319,319,0,8,13,0.09704651,0.106045425,0.63446885
320,320,0,8,14,0.1945093,0.20467944,0.41231385
321,321,0,8,15,0.25545284,0.27074212,0.2749881
322,322,0,8,16,0.2886004,0.31088185,0.19802582
323,323,0,8,17,0.3029392,0.330961,0.16130412
324,324,0,8,18,0.3029238,0.33093715,0.16134784
325,325,0,8,19,0.30290315,0.33090508,0.1614064
326,326,0,9,0,0.0,0.0,0.89783406
327,327,0,9,1,0.0,0.0,0.89783406
328,328,0,9,2,0.0,0.0,0.89783406
329,329,0,9,3,0.0,0.0,0.89783406
330,330,0,9,4,0.022546694,0.014321707,0.82221466
331,331,0,9,5,0.009466395,0.0026022121,0.8553705
332,332,0,9,6,0.00031811,0.0,0.879526
333,333,0,9,7,0.0,0.0,0.89404464
334,334,0,9,8,0.0,0.0,0.8983103
335,335,0,9,9,0.0,0.0,0.8978415
336,336,0,9,10,0.0,0.0,0.8978472
337,337,0,9,11,0.16722593,0.0976985,0.34722763
338,338,0,9,12,0.16722593,0.0976985,0.34722763
339,339,0,9,13,0.16722593,0.0976985,0.34722763
340,340,0,9,14,0.16722593,0.0976985,0.34722763
341,341,0,9,15,0.0032613426,0.0,0.8195622
342,342,0,9,16,0.048479706,0.017670132,0.6967114
343,343,0,9,17,0.09418152,0.048751913,0.5691734
344,344,0,9,18,0.1322795,0.07467383,0.45756438
345,345,0,9,19,0.16079582,0.09357561,0.36844912
346,346,0,9,20,0.16717644,0.097667076,0.34739316
347,347,0,9,21,0.16713792,0.09764261,0.34752196
348,348,0,10,0,0.0,0.0,0.85877156
349,349,0,10,1,0.0051193535,0.01592376,0.83639115
350,350,0,10,2,0.043393247,0.05217112,0.7772483
351,351,0,10,3,0.07983533,0.0854674,0.71934956
352,352,0,10,4,0.108455196,0.11130404,0.6753216
353,353,0,10,5,0.12222105,0.12380834,0.65521884
354,354,0,10,6,0.12222105,0.12380834,0.65521884
355,355,0,10,7,0.12222105,0.12380834,0.65521884
356,356,0,10,8,0.12222105,0.12380834,0.65521884
357,357,0,10,9,0.12222105,0.12380834,0.65521884
358,358,0,10,10,0.12222105,0.12380834,0.65521884
359,359,0,10,11,0.12222105,0.12380834,0.65521884
360,360,0,10,12,0.12222105,0.12380834,0.65521884
361,361,0,10,13,0.12222105,0.12380834,0.65521884
362,362,0,10,14,0.12222105,0.12380834,0.65521884
363,363,0,10,15,0.12222105,0.12380834,0.65521884
364,364,0,10,16,0.12222105,0.12380834,0.65521884
365,365,0,10,17,0.12222105,0.12380834,0.65521884
366,366,0,11,0,0.0,0.0,0.88358486
367,367,0,11,1,0.01650083,0.0063718185,0.8132528
368,368,0,11,2,0.04236818,0.02276887,0.74274355
369,369,0,11,3,0.061017208,0.036477447,0.6902747
370,370,0,11,4,0.07156739,0.04693018,0.65886694
371,371,0,11,5,0.07305794,0.049031302,0.654165
372,372,0,11,6,0.07305794,0.049031302,0.654165
373,373,0,11,7,0.07305794,0.049031302,0.654165
374,374,0,11,8,0.07305794,0.049031302,0.654165
375,375,0,11,9,0.07305794,0.049031302,0.654165
376,376,0,11,10,0.07305794,0.049031302,0.654165
377,377,0,11,11,0.07305794,0.049031302,0.654165
378,378,0,11,12,0.07305794,0.049031302,0.654165
379,379,0,11,13,0.07305794,0.049031302,0.654165
380,380,0,11,14,0.07305794,0.049031302,0.654165
381,381,0,11,15,0.07305794,0.049031302,0.654165
382,382,0,11,16,0.07305794,0.049031302,0.654165
383,383,0,11,17,0.07305794,0.049031302,0.654165
384,384,0,12,0,0.0,0.0,0.89829415
385,385,0,12,1,0.0,0.0,0.92511594
386,386,0,12,2,0.0,0.0,0.93936443
387,387,0,12,3,0.0052458495,0.006643355,0.92924106
388,388,0,12,4,0.019928306,0.02098456,0.9007555
389,389,0,12,5,0.03153246,0.032328278,0.8754648
390,390,0,12,6,0.031501986,0.03229849,0.8755331
391,391,0,12,7,0.03146284,0.032260217,0.8756208
392,392,0,12,8,0.03156627,0.032361336,0.87538916
393,393,0,12,9,0.0,0.0,0.89829415
394,394,0,12,10,0.0,0.0,0.9251766
395,395,0,12,11,0.0,0.0,0.93936634
396,396,0,12,12,0.0053283125,0.0067240447,0.92910254
397,397,0,12,13,0.020043314,0.021096908,0.90051305
398,398,0,12,14,0.03156627,0.032361336,0.87538916
399,399,0,12,15,0.03156627,0.032361336,0.87538916
400,400,0,12,16,0.03156627,0.032361336,0.87538916
401,401,0,12,17,0.03156627,0.032361336,0.87538916
402,402,0,12,18,0.031583138,0.032375433,0.8753443
403,403,0,12,19,0.03826046,0.037934676,0.85757005
404,404,0,12,20,0.062319517,0.05785437,0.79307485
405,405,0,12,21,0.10473274,0.09279898,0.677997
406,406,0,12,22,0.18269175,0.15718356,0.46246654
407,407,0,12,23,0.2578594,0.22057402,0.24861455
408,408,0,12,24,0.29560947,0.25385246,0.13703874
409,409,0,12,25,0.31073666,0.26791555,0.09043774
410,410,0,12,26,0.31673127,0.27374244,0.07129738
411,411,0,12,27,0.3175289,0.27453533,0.06870267
412,412,0,12,28,0.3175289,0.27453533,0.06870267
413,413,0,12,29,0.3175289,0.27453533,0.06870267
414,414,0,12,30,0.3175289,0.27453533,0.06870267
415,415,0,12,31,0.13728724,0.12700903,0.5684687
416,416,0,12,32,0.22161871,0.20325562,0.34982267
417,417,0,12,33,0.27348548,0.24775445,0.20799208
418,418,0,12,34,0.30247194,0.26923662,0.12220356
419,419,0,12,35,0.31602138,0.27485272,0.075256735
420,420,0,12,36,0.31751493,0.27454132,0.06876767
421,421,0,12,37,0.3175043,0.27454585,0.06881714
422,422,0,12,38,0.3175289,0.27453533,0.06870267
423,423,0,12,39,0.3175289,0.27453533,0.06870267
424,424,0,12,40,0.3175289,0.27453533,0.06870267
425,425,0,12,41,0.3175289,0.27453533,0.06870267
426,426,0,13,0,8.954108e-05,0.0,0.88142675
427,427,0,13,1,0.022106111,0.013999432,0.8162466
428,428,0,13,2,0.049179405,0.03376607,0.73800564
429,429,0,13,3,0.07382306,0.052438505,0.66628397
430,430,0,13,4,0.09330685,0.06822341,0.6088122
431,431,0,13,5,0.096883245,0.07131459,0.5981714
432,432,0,13,6,0.096883245,0.07131459,0.5981714
433,433,0,13,7,0.096883245,0.07131459,0.5981714
434,434,0,13,8,0.096883245,0.07131459,0.5981714
435,435,0,13,9,0.096883245,0.07131459,0.5981714
436,436,0,13,10,0.096883245,0.07131459,0.5981714
437,437,0,13,11,0.096883245,0.07131459,0.5981714
438,438,0,13,12,0.096883245,0.07131459,0.5981714
439,439,0,13,13,0.096883245,0.07131459,0.5981714
440,440,0,13,14,0.096883245,0.07131459,0.5981714
441,441,0,13,15,0.096883245,0.07131459,0.5981714
442,442,0,13,16,0.096883245,0.07131459,0.5981714
443,443,0,13,17,0.096883245,0.07131459,0.5981714
444,444,0,14,0,0.0,0.0009264797,0.9425015
445,445,0,14,1,0.013248131,0.017049082,0.9020479
446,446,0,14,2,0.045438223,0.04894287,0.83009386
447,447,0,14,3,0.07994737,0.08507453,0.75236785
448,448,0,14,4,0.10959469,0.11786642,0.6854962
449,449,0,14,5,0.11519855,0.12431983,0.6729237
450,450,0,14,6,0.11519855,0.12431983,0.6729237
451,451,0,14,7,0.11519855,0.12431983,0.6729237
452,452,0,14,8,0.11519855,0.12431983,0.6729237
453,453,0,14,9,0.11519855,0.12431983,0.6729237
454,454,0,14,10,0.11519855,0.12431983,0.6729237
455,455,0,14,11,0.11519855,0.12431983,0.6729237
456,456,0,14,12,0.11519855,0.12431983,0.6729237
457,457,0,14,13,0.11519855,0.12431983,0.6729237
458,458,0,14,14,0.11519855,0.12431983,0.6729237
459,459,0,14,15,0.11519855,0.12431983,0.6729237
460,460,0,14,16,0.11519855,0.12431983,0.6729237
461,461,0,15,0,0.056636572,0.06204431,0.7616485
462,462,0,15,1,0.056636572,0.06204431,0.7616485
463,463,0,15,2,0.056636572,0.06204431,0.7616485
464,464,0,15,3,0.056636572,0.06204431,0.7616485
465,465,0,15,4,0.0012038052,0.0029249638,0.9016827
466,466,0,15,5,0.0041278154,0.0061171874,0.89191914
467,467,0,15,6,0.016939148,0.018189691,0.85576975
468,468,0,15,7,0.03438265,0.036189444,0.81186056
469,469,0,15,8,0.052448608,0.056908112,0.7706636
470,470,0,15,9,0.056594953,0.06199261,0.7617371
471,471,0,15,10,0.056563213,0.061953172,0.76180476
472,472,0,15,11,0.3524111,0.33590043,0.023360789
473,473,0,15,12,0.3524111,0.33590043,0.023360789
474,474,0,15,13,0.3524111,0.33590043,0.023360789
475,475,0,15,14,0.3524111,0.33590043,0.023360789
476,476,0,15,15,0.2663851,0.2595829,0.23250315
477,477,0,15,16,0.33688492,0.32868424,0.07279721
478,478,0,15,17,0.35821876,0.34851164,0.021390498
479,479,0,15,18,0.35759872,0.3442026,0.015974939
480,480,0,15,19,0.3524283,0.3359267,0.023333192
481,481,0,15,20,0.35244375,0.33595034,0.023308516
482,482,0,15,21,0.35246348,0.33598047,0.023276865
483,483,0,16,0,0.021247685,0.02386447,0.86623496
484,484,0,16,1,0.021222979,0.023833044,0.8662818
485,485,0,16,2,0.31492808,0.27161077,0.1254245
486,486,0,16,3,0.31492698,0.27161604,0.12542617
487,487,0,16,4,0.3149256,0.27162284,0.12542844
488,488,0,17,0,0.0,0.0,0.9189207
489,489,0,17,1,0.00806652,0.0033240467,0.89179367
490,490,0,17,2,0.031006075,0.012398668,0.82497555
491,491,0,17,3,0.05339142,0.02147381,0.75636995
492,492,0,17,4,0.06794046,0.028318271,0.70787156
493,493,0,17,5,0.072482094,0.031266868,0.6900846
494,494,0,17,6,0.072482094,0.031266868,0.6900846
495,495,0,17,7,0.072482094,0.031266868,0.6900846
496,496,0,17,8,0.072482094,0.031266868,0.6900846
497,497,0,17,9,0.072482094,0.031266868,0.6900846
498,498,0,17,10,0.072482094,0.031266868,0.6900846
499,499,0,17,11,0.072482094,0.031266868,0.6900846
500,500,0,17,12,0.072482094,0.031266868,0.6900846
501,501,0,17,13,0.072482094,0.031266868,0.6900846
502,502,0,17,14,0.072482094,0.031266868,0.6900846
503,503,0,17,15,0.072482094,0.031266868,0.6900846
504,504,0,18,0,0.0,0.0,0.943076
505,505,0,18,1,0.0,0.0,0.9373912
506,506,0,18,2,0.00934805,0.009398602,0.9038685
507,507,0,18,3,0.031319134,0.031549573,0.857641
508,508,0,18,4,0.05379975,0.057102896,0.80969244
509,509,0,18,5,0.0667126,0.073159575,0.7818176
510,510,0,18,6,0.066681586,0.073119566,0.781885
511,511,0,18,7,0.066642165,0.07306877,0.7819705
512,512,0,18,8,0.06674718,0.073204115,0.7817427
513,513,0,18,9,0.06674718,0.073204115,0.7817427
514,514,0,18,10,0.06674718,0.073204115,0.7817427
515,515,0,18,11,0.06674718,0.073204115,0.7817427
516,516,0,18,12,0.06973016,0.076289564,0.7746765
517,517,0,18,13,0.08978683,0.09683238,0.72679853
518,518,0,18,14,0.13384196,0.1408281,0.62013155
519,519,0,18,15,0.21117702,0.21452782,0.4308047
520,520,0,18,16,0.2978826,0.2909561,0.21823496
521,521,0,18,17,0.34806758,0.32963476,0.094955
522,522,0,18,18,0.3659978,0.33973178,0.049826115
523,523,0,18,19,0.37074763,0.34007326,0.036866337
524,524,0,18,20,0.37141383,0.33937076,0.034695596
525,525,0,18,21,0.37141383,0.33937076,0.034695596
526,526,0,18,22,0.37141383,0.33937076,0.034695596
527,527,0,18,23,0.37141383,0.33937076,0.034695596
528,528,0,18,24,0.37141383,0.33937076,0.034695596
529,529,0,18,25,0.22788179,0.21816675,0.3825174
530,530,0,18,26,0.2987699,0.28532207,0.22409427
531,531,0,18,27,0.35510093,0.3366681,0.09546462
532,532,0,18,28,0.37548995,0.34712178,0.03299871
533,533,0,18,29,0.3714275,0.33939382,0.034683824
534,534,0,18,30,0.37144014,0.33941513,0.034673095
535,535,0,18,31,0.3714563,0.33944234,0.034659356
536,536,0,18,32,0.37141383,0.33937076,0.034695596
537,537,0,18,33,0.37141383,0.33937076,0.034695596
538,538,0,18,34,0.37141383,0.33937076,0.034695596
539,539,0,18,35,0.37141383,0.33937076,0.034695596
540,540,0,19,0,0.0,0.0,0.8973912
541,541,0,19,1,0.003329903,0.00067298114,0.8773728
542,542,0,19,2,0.01982075,0.008020215,0.8390248
543,543,0,19,3,0.03542015,0.017831907,0.80580735
544,544,0,19,4,0.046885677,0.027721837,0.7834166
545,545,0,19,5,0.051859103,0.033623762,0.7748631
546,546,0,19,6,0.051859103,0.033623762,0.7748631
547,547,0,19,7,0.051859103,0.033623762,0.7748631
548,548,0,19,8,0.051859103,0.033623762,0.7748631
549,549,0,19,9,0.051859103,0.033623762,0.7748631
550,550,0,19,10,0.051859103,0.033623762,0.7748631
551,551,0,19,11,0.051859103,0.033623762,0.7748631
552,552,0,19,12,0.051859103,0.033623762,0.7748631
553,553,0,19,13,0.051859103,0.033623762,0.7748631
554,554,0,19,14,0.051859103,0.033623762,0.7748631
555,555,0,19,15,0.051859103,0.033623762,0.7748631
556,556,0,19,16,0.051859103,0.033623762,0.7748631
557,557,0,19,17,0.051859103,0.033623762,0.7748631
558,558,0,20,0,0.0,0.0001584515,0.9127971
559,559,0,20,1,0.0,0.0010761768,0.9166125
560,560,0,20,2,0.0022899508,0.0054771006,0.90672266
561,561,0,20,3,0.0,0.00307478,0.91515505
562,562,0,20,4,0.0,0.0,0.9173337
563,563,0,20,5,0.0,0.0,0.9175112
564,564,0,20,6,0.0,0.0,0.9143214
565,565,0,20,7,0.0,0.00014523417,0.91281366
566,566,0,20,8,0.0,0.00013513118,0.9128263
567,567,0,20,9,0.25035593,0.17611395,0.22828457
568,568,0,20,10,0.25035593,0.17611395,0.22828457
569,569,0,20,11,0.25035593,0.17611395,0.22828457
570,570,0,20,12,0.25035593,0.17611395,0.22828457
571,571,0,20,13,0.024596274,0.020733684,0.82294804
572,572,0,20,14,0.06643451,0.05066002,0.7127272
573,573,0,20,15,0.14847648,0.10880829,0.49469298
574,574,0,20,16,0.20454161,0.14649178,0.34526756
575,575,0,20,17,0.23655128,0.16694394,0.26152888
576,576,0,20,18,0.25033697,0.17610021,0.22832581
577,577,0,20,19,0.25031847,0.17608681,0.22836614
578,578,0,20,20,0.25029397,0.17606905,0.22841954
579,579,0,21,0,0.19812098,0.18062447,0.38621986
580,580,0,21,1,0.19812098,0.18062447,0.38621986
581,581,0,21,2,0.19812098,0.18062447,0.38621986
582,582,0,21,3,0.19812098,0.18062447,0.38621986
583,583,0,21,4,0.017005473,0.02696722,0.9317861
584,584,0,21,5,0.07683262,0.08856497,0.7891066
585,585,0,21,6,0.12957796,0.13539857,0.6347979
586,586,0,21,7,0.16814062,0.16427867,0.5053359
587,587,0,21,8,0.1935764,0.17875889,0.406152
588,588,0,21,9,0.1980793,0.18060887,0.38640726
589,589,0,21,10,0.19804738,0.1805969,0.38655078
590,590,0,21,11,0.26867867,0.11685334,0.0
591,591,0,21,12,0.26867867,0.11685334,0.0
592,592,0,21,13,0.26867867,0.11685334,0.0
593,593,0,21,14,0.26867867,0.11685334,0.0
594,594,0,21,15,0.31456846,0.24939594,0.09732795
595,595,0,21,16,0.33860824,0.22949594,0.0
596,596,0,21,17,0.32197797,0.18934837,0.0
597,597,0,21,18,0.29811025,0.15298101,0.0
598,598,0,21,19,0.27506447,0.12412328,0.0
599,599,0,21,20,0.26872745,0.116907805,0.0
600,600,0,21,21,0.2687653,0.1169501,0.0
601,601,0,22,0,0.0,0.0,1.0
602,602,0,22,1,0.0,0.0,1.0
603,603,0,22,2,0.0,0.0,1.0
604,604,0,22,3,0.013354674,0.011695184,0.98195654
605,605,0,22,4,0.035923637,0.030811928,0.9335151
606,606,0,22,5,0.05143702,0.04459554,0.8992046
607,607,0,22,6,0.051397175,0.044559576,0.8992935
608,608,0,22,7,0.05134683,0.044514067,0.89940596
609,609,0,22,8,0.051481016,0.044635296,0.89910626
610,610,0,22,9,0.051481016,0.044635296,0.89910626
611,611,0,22,10,0.051481016,0.044635296,0.89910626
612,612,0,22,11,0.051481016,0.044635296,0.89910626
613,613,0,22,12,0.05466593,0.04703152,0.89209104
614,614,0,22,13,0.07537955,0.06256344,0.8460901
615,615,0,22,14,0.12255615,0.0977449,0.73913634
616,616,0,22,15,0.20085888,0.15598638,0.5558616
617,617,0,22,16,0.29560274,0.22713467,0.32497615
618,618,0,22,17,0.3511929,0.27036047,0.18171507
619,619,0,22,18,0.3726452,0.28779498,0.12068546
620,620,0,22,19,0.37920398,0.29316396,0.0987384
621,621,0,22,20,0.38050008,0.29417986,0.093598455
622,622,0,22,21,0.38050008,0.29417986,0.093598455
623,623,0,22,22,0.38050008,0.29417986,0.093598455
624,624,0,22,23,0.38050008,0.29417986,0.093598455
625,625,0,22,24,0.38050008,0.29417986,0.093598455
626,626,0,22,25,0.1853843,0.12937352,0.5860245
627,627,0,22,26,0.2653968,0.19275269,0.3994664
628,628,0,22,27,0.33875686,0.25502813,0.22020045
629,629,0,22,28,0.37046862,0.28422332,0.13512966
630,630,0,22,29,0.38036016,0.29400128,0.10102236
631,631,0,22,30,0.3805043,0.2941842,0.09360567
632,632,0,22,31,0.38050812,0.29418814,0.09361231
633,633,0,22,32,0.38051313,0.29419327,0.093620926
634,634,0,22,33,0.38050008,0.29417986,0.093598455
635,635,0,22,34,0.38050008,0.29417986,0.093598455
636,636,0,22,35,0.38050008,0.29417986,0.093598455
637,637,0,22,36,0.38050008,0.29417986,0.093598455
638,638,0,23,0,0.0,0.0,0.92576337
639,639,0,23,1,0.00063456595,0.0035385266,0.89719796
640,640,0,23,2,0.032502756,0.02838444,0.80714464
641,641,0,23,3,0.07219926,0.061844364,0.702401
642,642,0,23,4,0.10789378,0.09425436,0.6108922
643,643,0,23,5,0.12656389,0.11248326,0.56357175
644,644,0,23,6,0.12656389,0.11248326,0.56357175
645,645,0,23,7,0.12656389,0.11248326,0.56357175
646,646,0,23,8,0.12656389,0.11248326,0.56357175
647,647,0,23,9,0.12656389,0.11248326,0.56357175
648,648,0,23,10,0.12656389,0.11248326,0.56357175
649,649,0,23,11,0.12656389,0.11248326,0.56357175
650,650,0,23,12,0.12656389,0.11248326,0.56357175
651,651,0,23,13,0.12656389,0.11248326,0.56357175
652,652,0,23,14,0.12656389,0.11248326,0.56357175
653,653,0,23,15,0.12656389,0.11248326,0.56357175
654,654,0,23,16,0.12656389,0.11248326,0.56357175
655,655,0,23,17,0.12656389,0.11248326,0.56357175
656,0,1,0,0,0.0,0.0,0.9493934
657,1,1,0,1,0.0,0.0,0.95815694
658,2,1,0,2,0.0,0.0,0.9475905
659,3,1,0,3,0.0,0.0,0.91078097
660,4,1,0,4,0.017493874,0.016699746,0.86320895
661,5,1,0,5,0.031147704,0.031523556,0.83455366
662,6,1,0,6,0.031114072,0.031484723,0.83462244
663,7,1,0,7,0.030862853,0.031519897,0.8358965
664,8,1,0,8,0.028489485,0.03323198,0.8510815
665,9,1,0,9,0.027676046,0.03549342,0.86014235
666,10,1,0,10,0.027921662,0.03795737,0.86465883
667,11,1,0,11,0.028767854,0.040358722,0.86608875
668,12,1,0,12,0.02899374,0.04084991,0.86610556
669,13,1,0,13,0.02899374,0.04084991,0.86610556
670,14,1,0,14,0.029895753,0.042559065,0.8654989
671,15,1,0,15,0.031076,0.04441572,0.8635415
672,16,1,0,16,0.03217505,0.04583753,0.8605901
673,17,1,0,17,0.03318739,0.04681948,0.856665
674,18,1,0,18,0.033710137,0.047178015,0.8541845
675,19,1,0,19,0.03375136,0.047229737,0.85410273
676,20,1,0,20,0.034268692,0.047493525,0.85143805
677,21,1,0,21,0.03545265,0.047736086,0.84457743
678,22,1,0,22,0.03711626,0.04776165,0.8349315
679,23,1,0,23,0.039644472,0.04776135,0.8213235
680,24,1,0,24,0.04261554,0.047916323,0.8065369
681,25,1,0,25,0.04261554,0.047916323,0.8065369
682,26,1,0,26,0.04261554,0.047916323,0.8065369
683,27,1,0,27,0.04261554,0.047916323,0.8065369
684,28,1,0,28,0.0,0.0,0.95070505
685,29,1,0,29,0.0,0.0,0.9461939
686,30,1,0,30,0.0,0.0,0.91040516
687,31,1,0,31,0.014751092,0.016343996,0.8614092
688,32,1,0,32,0.037555896,0.041676193,0.8160318
689,33,1,0,33,0.042565763,0.047853686,0.80662924
690,34,1,0,34,0.042527847,0.04780592,0.8066997
691,35,1,0,35,0.040624067,0.04763194,0.8159164
692,36,1,0,36,0.037656777,0.04754754,0.83132696
693,37,1,0,37,0.035755165,0.047546454,0.8421179
694,38,1,0,38,0.034475565,0.04741475,0.84970677
695,39,1,0,39,0.033655405,0.04710941,0.8542931
696,40,1,0,40,0.033655405,0.04710941,0.8542931
697,41,1,0,41,0.033478275,0.0470068,0.85519934
698,42,1,0,42,0.03249474,0.046184964,0.8594709
699,43,1,0,43,0.03144382,0.044925667,0.8626851
700,44,1,0,44,0.030290097,0.04321415,0.86497104
701,45,1,0,45,0.029136673,0.041117616,0.86601615
702,46,1,0,46,0.029061452,0.040934563,0.86597073
703,47,1,0,47,0.02910605,0.040990278,0.8658819
704,48,1,0,48,0.02830045,0.038945585,0.86511093
705,49,1,0,49,0.027827322,0.036482483,0.86169744
706,50,1,0,50,0.028225243,0.03413076,0.8543947
707,51,1,0,51,0.029998869,0.032157168,0.8414681
708,52,1,0,52,0.03118512,0.0315668,0.83447725
709,53,1,0,53,0.03118512,0.0315668,0.83447725
710,54,1,0,54,0.03118512,0.0315668,0.83447725
711,55,1,0,55,0.03118512,0.0315668,0.83447725
712,56,1,0,56,0.033895783,0.033936776,0.827331
713,57,1,0,57,0.052765056,0.050303884,0.7782819
714,58,1,0,58,0.09668924,0.08777499,0.6670875
715,59,1,0,59,0.17790297,0.15558654,0.46794206
716,60,1,0,60,0.27407417,0.23406488,0.24174207
717,61,1,0,61,0.33436298,0.28165537,0.108053684
718,62,1,0,62,0.35736728,0.29815024,0.060735196
719,63,1,0,63,0.3632059,0.30084392,0.050189495
720,64,1,0,64,0.36379755,0.30051225,0.049574792
721,65,1,0,65,0.36379755,0.30051225,0.049574792
722,66,1,0,66,0.36379755,0.30051225,0.049574792
723,67,1,0,67,0.36379755,0.30051225,0.049574792
724,68,1,0,68,0.36379755,0.30051225,0.049574792
725,69,1,0,69,0.12153369,0.11112374,0.6223599
726,70,1,0,70,0.22017798,0.18860984,0.396189
727,71,1,0,71,0.31771004,0.2654205,0.1795016
728,72,1,0,72,0.36772686,0.30520964,0.05525115
729,73,1,0,73,0.3638144,0.3005315,0.049578786
730,74,1,0,74,0.36382994,0.3005492,0.04958254
731,75,1,0,75,0.36399513,0.30084807,0.04958123
732,76,1,0,76,0.37149724,0.31666708,0.049390227
733,77,1,0,77,0.37516296,0.3274334,0.04958263
734,78,1,0,78,0.3763063,0.33445174,0.05003479
735,79,1,0,79,0.37605846,0.3389576,0.050573796
736,80,1,0,80,0.3758768,0.33984172,0.05070424
737,81,1,0,81,0.3758768,0.33984172,0.05070424
738,82,1,0,82,0.3752703,0.34190136,0.05100265
739,83,1,0,83,0.37454832,0.34395728,0.051117897
740,84,1,0,84,0.37427878,0.3455059,0.05074525
741,85,1,0,85,0.37460086,0.34671462,0.04978311
742,86,1,0,86,0.37500095,0.34719348,0.048992038
743,87,1,0,87,0.37498248,0.34717235,0.04897046
744,88,1,0,88,0.37636015,0.3473883,0.04623148
745,89,1,0,89,0.37706783,0.34601843,0.043842286
746,90,1,0,90,0.37672925,0.34245846,0.041240007
747,91,1,0,91,0.3748796,0.33693045,0.039025247
748,92,1,0,92,0.3748796,0.33693045,0.039025247
749,93,1,0,93,0.3748796,0.33693045,0.039025247
750,94,1,0,94,0.3748796,0.33693045,0.039025247
751,95,1,0,95,0.24495876,0.21512595,0.34750834
752,96,1,0,96,0.33220387,0.2908405,0.16286701
753,97,1,0,97,0.3689097,0.3264851,0.08145729
754,98,1,0,98,0.37788033,0.33821392,0.04780057
755,99,1,0,99,0.3748948,0.33694202,0.039040655
756,100,1,0,100,0.3749084,0.33695242,0.039054513
757,101,1,0,101,0.37513208,0.33747894,0.03923565
758,102,1,0,102,0.37699968,0.34350872,0.041876018
759,103,1,0,103,0.37704664,0.3465375,0.044467837
760,104,1,0,104,0.37621742,0.34755862,0.046789855
761,105,1,0,105,0.37521327,0.34736285,0.048683047
762,106,1,0,106,0.3750248,0.34722084,0.049019992
763,107,1,0,107,0.3750248,0.34722084,0.049019992
764,108,1,0,108,0.37448442,0.34648103,0.050066113
765,109,1,0,109,0.37429118,0.34519124,0.050879657
766,110,1,0,110,0.37467736,0.34354657,0.051125973
767,111,1,0,111,0.37544993,0.3413179,0.050913602
768,112,1,0,112,0.3758521,0.33981097,0.050678402
769,113,1,0,113,0.37583324,0.3397876,0.05065885
770,114,1,0,114,0.37612036,0.33805695,0.050394654
771,115,1,0,115,0.3761356,0.33308262,0.04985565
772,116,1,0,116,0.37454113,0.32533857,0.049458563
773,117,1,0,117,0.37017223,0.3136238,0.049365014
774,118,1,0,118,0.36379755,0.30051225,0.049574792
775,119,1,0,119,0.36379755,0.30051225,0.049574792
776,120,1,0,120,0.36379755,0.30051225,0.049574792
777,121,1,0,121,0.36379755,0.30051225,0.049574792
778,122,1,1,0,0.0,0.0,0.9186101
779,123,1,1,1,0.0,0.0,0.93116105
780,124,1,1,2,0.0,0.003224343,0.9072504
781,125,1,1,3,0.020686656,0.024107598,0.8418251
782,126,1,1,4,0.047951013,0.052573025,0.7616668
783,127,1,1,5,0.065345086,0.071652696,0.714189
784,128,1,1,6,0.06530251,0.07160481,0.7143011
785,129,1,1,7,0.064044386,0.07056759,0.71921396
786,130,1,1,8,0.048023626,0.057558484,0.78184414
787,131,1,1,9,0.03627433,0.04790754,0.82625663
788,132,1,1,10,0.027987584,0.04091894,0.85606277
789,133,1,1,11,0.022231832,0.035862647,0.8754512
790,134,1,1,12,0.021261707,0.034981325,0.8785696
791,135,1,1,13,0.021261707,0.034981325,0.8785696
792,136,1,1,14,0.018184185,0.03209181,0.8881274
793,137,1,1,15,0.0153529495,0.029216662,0.8965387
794,138,1,1,16,0.013480023,0.027036779,0.9022453
795,139,1,1,17,0.012400731,0.025405832,0.90628767
796,140,1,1,18,0.01214312,0.024777435,0.90783644
797,141,1,1,19,0.012156114,0.024799302,0.90780073
798,142,1,1,20,0.012086585,0.024324492,0.9089668
799,143,1,1,21,0.012442797,0.0236146,0.9105453
800,144,1,1,22,0.013499901,0.02327662,0.9106667
801,145,1,1,23,0.0152232945,0.023240954,0.9089105
802,146,1,1,24,0.017021686,0.02336339,0.90587795
803,147,1,1,25,0.017021686,0.02336339,0.90587795
804,148,1,1,26,0.017021686,0.02336339,0.90587795
805,149,1,1,27,0.017021686,0.02336339,0.90587795
806,150,1,1,28,0.01599197,0.011127494,0.87541604
807,151,1,1,29,0.015825689,0.014713518,0.89562666
808,152,1,1,30,0.014800638,0.015751362,0.9096905
809,153,1,1,31,0.014573425,0.017582394,0.9146571
810,154,1,1,32,0.016264454,0.02191016,0.90883434
811,155,1,1,33,0.017013282,0.02334781,0.90591085
812,156,1,1,34,0.017006844,0.023335904,0.905936
813,157,1,1,35,0.015901357,0.02323559,0.9079353
814,158,1,1,36,0.013964921,0.023176678,0.91042984
815,159,1,1,37,0.012673631,0.02339574,0.91088825
816,160,1,1,38,0.012084529,0.023978576,0.90973717
817,161,1,1,39,0.012126014,0.024748683,0.9078835
818,162,1,1,40,0.012126014,0.024748683,0.9078835
819,163,1,1,41,0.012201667,0.024970017,0.9073427
820,164,1,1,42,0.013049856,0.026455052,0.90369356
821,165,1,1,43,0.014663726,0.028456658,0.89858466
822,166,1,1,44,0.017168835,0.03109695,0.8911769
823,167,1,1,45,0.020844266,0.03460885,0.8799149
824,168,1,1,46,0.021309152,0.035045527,0.8784567
825,169,1,1,47,0.021340206,0.03508755,0.8783829
826,170,1,1,48,0.026002899,0.03925412,0.8630226
827,171,1,1,49,0.033386834,0.04556144,0.83701503
828,172,1,1,50,0.04389283,0.05424974,0.7978779
829,173,1,1,51,0.058401935,0.06604204,0.74166226
830,174,1,1,52,0.06539245,0.07170597,0.7140642
831,175,1,1,53,0.06539245,0.07170597,0.7140642
832,176,1,1,54,0.06539245,0.07170597,0.7140642
833,177,1,1,55,0.06539245,0.07170597,0.7140642
834,178,1,1,56,0.068898104,0.07473121,0.7016739
835,179,1,1,57,0.09402518,0.095977075,0.61406636
836,180,1,1,58,0.14744626,0.13928355,0.43304157
837,181,1,1,59,0.22108014,0.19538794,0.19397157
838,182,1,1,60,0.28051308,0.2349233,0.017491966
839,183,1,1,61,0.296252,0.23847958,0.0
840,184,1,1,62,0.2913108,0.22945666,0.019728363
841,185,1,1,63,0.28502348,0.22215186,0.04732275
842,186,1,1,64,0.28281647,0.21982597,0.056436807
843,187,1,1,65,0.28281647,0.21982597,0.056436807
844,188,1,1,66,0.28281647,0.21982597,0.056436807
845,189,1,1,67,0.28281647,0.21982597,0.056436807
846,190,1,1,68,0.28281647,0.21982597,0.056436807
847,191,1,1,69,0.14634025,0.14168268,0.45778334
848,192,1,1,70,0.23776667,0.21910189,0.19269341
849,193,1,1,71,0.29890245,0.25932103,0.015517712
850,194,1,1,72,0.30356312,0.25017422,7.212162e-06
851,195,1,1,73,0.29196805,0.23119047,0.030908316
852,196,1,1,74,0.28283876,0.21985146,0.05637315
853,197,1,1,75,0.2828593,0.21987492,0.056314737
854,198,1,1,76,0.2831307,0.22008675,0.05582905
855,199,1,1,77,0.29586285,0.22931138,0.03485629
856,200,1,1,78,0.30595618,0.23619875,0.019140214
857,201,1,1,79,0.3125512,0.24018079,0.010183036
858,202,1,1,80,0.31496823,0.24080424,0.009121418
859,203,1,1,81,0.31485823,0.24038044,0.010222852
860,204,1,1,82,0.31485823,0.24038044,0.010222852
861,205,1,1,83,0.31276092,0.23773539,0.016742676
862,206,1,1,84,0.30561757,0.23070472,0.03366533
863,207,1,1,85,0.29374892,0.21985695,0.0596236
864,208,1,1,86,0.27762818,0.20553932,0.09415266
865,209,1,1,87,0.26717716,0.1963717,0.116600305
866,210,1,1,88,0.26720163,0.19638495,0.11651626
867,211,1,1,89,0.25856203,0.1888525,0.1352264
868,212,1,1,90,0.23700258,0.17025971,0.18306243
869,213,1,1,91,0.21395643,0.15071562,0.23664567
870,214,1,1,92,0.19069241,0.13141069,0.29437274
871,215,1,1,93,0.17177923,0.11609697,0.3450474
872,216,1,1,94,0.17177923,0.11609697,0.3450474
873,217,1,1,95,0.17177923,0.11609697,0.3450474
874,218,1,1,96,0.17177923,0.11609697,0.3450474
875,219,1,1,97,0.0009714812,0.0,0.94711363
876,220,1,1,98,0.035673626,0.023317501,0.81892323
877,221,1,1,99,0.08583016,0.05833385,0.6416403
878,222,1,1,100,0.13121001,0.08915828,0.48421246
879,223,1,1,101,0.16458188,0.111332156,0.36956707
880,224,1,1,102,0.17172407,0.11606039,0.34523487
881,225,1,1,103,0.17168114,0.116031945,0.34538075
882,226,1,1,104,0.180911,0.12346576,0.3201843
883,227,1,1,105,0.20387909,0.14232497,0.2612695
884,228,1,1,106,0.24964654,0.1811611,0.15492263
885,229,1,1,107,0.2671455,0.19635454,0.11670914
886,230,1,1,108,0.2671455,0.19635454,0.11670914
887,231,1,1,109,0.26982966,0.1987008,0.11091933
888,232,1,1,110,0.28755304,0.21432228,0.07292426
889,233,1,1,111,0.30126113,0.22666739,0.0433259
890,234,1,1,112,0.3103971,0.23529875,0.022627443
891,235,1,1,113,0.3146426,0.24000725,0.011143804
892,236,1,1,114,0.31483948,0.2403532,0.010254025
893,237,1,1,115,0.31482697,0.24033499,0.010274947
894,238,1,1,116,0.31404376,0.2407946,0.008857012
895,239,1,1,117,0.30912405,0.23816124,0.014669269
896,240,1,1,118,0.30042118,0.2324427,0.027706355
897,241,1,1,119,0.2887349,0.22416937,0.046586603
898,242,1,1,120,0.28281647,0.21982597,0.056436807
899,243,1,1,121,0.28281647,0.21982597,0.056436807
900,244,1,1,122,0.28281647,0.21982597,0.056436807
901,245,1,1,123,0.28281647,0.21982597,0.056436807
902,246,1,2,0,0.0,0.0,0.92769253
903,247,1,2,1,0.0,0.0,0.9300348
904,248,1,2,2,0.0,0.0,0.9205693
905,249,1,2,3,0.00675866,0.0,0.8921242
906,250,1,2,4,0.017423958,0.0019764155,0.858881
907,251,1,2,5,0.02313143,0.0055805743,0.8419113
908,252,1,2,6,0.023118466,0.005569935,0.8419482
909,253,1,2,7,0.022805974,0.005763218,0.84272516
910,254,1,2,8,0.01993458,0.009780124,0.8503191
911,255,1,2,9,0.019851103,0.015115365,0.85191786
912,256,1,2,10,0.021862656,0.021413855,0.84897757
913,257,1,2,11,0.025381565,0.028313026,0.8426578
914,258,1,2,12,0.026277676,0.029826134,0.8409683
915,259,1,2,13,0.026277676,0.029826134,0.8409683
916,260,1,2,14,0.030015692,0.035599843,0.8337124
917,261,1,2,15,0.035462737,0.043034002,0.8226782
918,262,1,2,16,0.0414076,0.050292708,0.8100878
919,263,1,2,17,0.04770025,0.057224423,0.7960976
920,264,1,2,18,0.05099398,0.060576193,0.788468
921,265,1,2,19,0.05102516,0.060613714,0.7884022
922,266,1,2,20,0.05414538,0.06362295,0.7809594
923,267,1,2,21,0.060736008,0.06942813,0.76442665
924,268,1,2,22,0.06754429,0.074662246,0.746034
925,269,1,2,23,0.07458247,0.079296574,0.7254331
926,270,1,2,24,0.080404565,0.08259515,0.70711166
927,271,1,2,25,0.080378436,0.08255918,0.70716006
928,272,1,2,26,0.07892111,0.081743404,0.7118032
929,273,1,2,27,0.07167695,0.077401206,0.7340312
930,274,1,2,28,0.06470339,0.07250546,0.7537935
931,275,1,2,29,0.057977244,0.067043446,0.7714333
932,276,1,2,30,0.051487893,0.061052784,0.7872926
933,277,1,2,31,0.05095289,0.06052673,0.7885549
934,278,1,2,32,0.05095289,0.06052673,0.7885549
935,279,1,2,33,0.045120336,0.05446799,0.80192107
936,280,1,2,34,0.038961336,0.04739677,0.8153383
937,281,1,2,35,0.03320287,0.04005675,0.8273146
938,282,1,2,36,0.028035581,0.0326258,0.8375885
939,283,1,2,37,0.026313022,0.029865764,0.8408887
940,284,1,2,38,0.026338652,0.029894516,0.84083104
941,285,1,2,39,0.023918748,0.02561438,0.84532064
942,286,1,2,40,0.020943597,0.018925168,0.85039896
943,287,1,2,41,0.019673452,0.01295802,0.8517156
944,288,1,2,42,0.020743236,0.00808613,0.84799916
945,289,1,2,43,0.023145884,0.0055924207,0.84187055
946,290,1,2,44,0.023145884,0.0055924207,0.84187055
947,291,1,2,45,0.023145884,0.0055924207,0.84187055
948,292,1,2,46,0.023145884,0.0055924207,0.84187055
949,293,1,2,47,0.023672462,0.005808726,0.840077
950,294,1,2,48,0.03219396,0.009386569,0.8111801
951,295,1,2,49,0.05350384,0.018768787,0.7395189
952,296,1,2,50,0.09678272,0.03887044,0.5954896
953,297,1,2,51,0.156114,0.06788446,0.40342677
954,298,1,2,52,0.20414285,0.092864156,0.2583296
955,299,1,2,53,0.22748084,0.10600577,0.19407871
956,300,1,2,54,0.2390168,0.11308474,0.16472954
957,301,1,2,55,0.24336886,0.11596273,0.15425399
958,302,1,2,56,0.24354783,0.11608483,0.15383205
959,303,1,2,57,0.24354783,0.11608483,0.15383205
960,304,1,2,58,0.24354783,0.11608483,0.15383205
961,305,1,2,59,0.24354783,0.11608483,0.15383205
962,306,1,2,60,0.24354768,0.116084576,0.15383312
963,307,1,2,61,0.24354637,0.116082415,0.15384194
964,308,1,2,62,0.24354365,0.11607802,0.15385994
965,309,1,2,63,0.24353957,0.1160714,0.1538871
966,310,1,2,64,0.24353418,0.11606264,0.15392292
967,311,1,2,65,0.2488667,0.13503394,0.16057542
968,312,1,2,66,0.2551976,0.15442325,0.16591826
969,313,1,2,67,0.2618394,0.17169759,0.1688784
970,314,1,2,68,0.26851362,0.18667537,0.1695649
971,315,1,2,69,0.27099484,0.19174607,0.16928288
972,316,1,2,70,0.27099484,0.19174607,0.16928288
973,317,1,2,71,0.2750103,0.1994473,0.16821843
974,318,1,2,72,0.28123108,0.21023399,0.16503206
975,319,1,2,73,0.28698605,0.21904379,0.16028285
976,320,1,2,74,0.29231483,0.22624831,0.15418813
977,321,1,2,75,0.29569152,0.23037004,0.14942384
978,322,1,2,76,0.29569173,0.23036696,0.14940962
979,323,1,2,77,0.2971841,0.2320849,0.14706442
980,324,1,2,78,0.3017514,0.23700944,0.13904563
981,325,1,2,79,0.3061018,0.24129745,0.13016963
982,326,1,2,80,0.31023687,0.24509558,0.12058827
983,327,1,2,81,0.3139876,0.2483541,0.11085945
984,328,1,2,82,0.31398934,0.24835983,0.110869706
985,329,1,2,83,0.31389427,0.24828494,0.11114931
986,330,1,2,84,0.31000513,0.2449049,0.121214
987,331,1,2,85,0.30585092,0.24107675,0.13078004
988,332,1,2,86,0.30147696,0.2367422,0.13962439
989,333,1,2,87,0.296882,0.2317526,0.14759466
990,334,1,2,88,0.2956913,0.23037381,0.14944145
991,335,1,2,89,0.2956913,0.23037381,0.14944145
992,336,1,2,90,0.2919587,0.22579569,0.154656
993,337,1,2,91,0.28659937,0.21848634,0.16066155
994,338,1,2,92,0.28081402,0.20955189,0.16530383
995,339,1,2,93,0.27456936,0.1986273,0.16835904
996,340,1,2,94,0.27100438,0.1917556,0.16924775
997,341,1,2,95,0.27101174,0.19176291,0.16922072
998,342,1,2,96,0.26811782,0.18581462,0.16948742
999,343,1,2,97,0.26145783,0.17073055,0.16863579
1000,344,1,2,98,0.25570947,0.15580007,0.1660766
1001,345,1,2,99,0.24853665,0.13387938,0.16006821
1002,346,1,2,100,0.24354783,0.11608483,0.15383205
1003,347,1,2,101,0.24354783,0.11608483,0.15383205
1004,348,1,2,102,0.24354783,0.11608483,0.15383205
1005,349,1,2,103,0.24354783,0.11608483,0.15383205
1006,350,1,3,0,0.0012179762,0.0021098554,0.95847034
1007,351,1,3,1,0.0,0.0,0.96848255
1008,352,1,3,2,0.00577271,5.8844686e-05,0.9711198
1009,353,1,3,3,0.019066721,0.0070457906,0.9520272
1010,354,1,3,4,0.03470265,0.020220608,0.9171283
1011,355,1,3,5,0.04417994,0.030674972,0.89200485
1012,356,1,3,6,0.04415691,0.030647159,0.89206874
1013,357,1,3,7,0.043651924,0.030272946,0.8932036
1014,358,1,3,8,0.03631816,0.025031686,0.9089489
1015,359,1,3,9,0.029746726,0.020275116,0.92227244
1016,360,1,3,10,0.024026677,0.016014867,0.9332841
1017,361,1,3,11,0.019103706,0.012190372,0.94231075
1018,362,1,3,12,0.018165112,0.011437789,0.9439806
1019,363,1,3,13,0.018165112,0.011437789,0.9439806
1020,364,1,3,14,0.014865428,0.008712858,0.94970536
1021,365,1,3,15,0.011263877,0.005556315,0.955633
1022,366,1,3,16,0.008314908,0.0027702153,0.9600986
1023,367,1,3,17,0.00591366,0.0003026873,0.96324086
1024,368,1,3,18,0.0049154013,0.0,0.9642868
1025,369,1,3,19,0.0049236715,0.0,0.9642552
1026,370,1,3,20,0.0041056275,0.0,0.96490276
1027,371,1,3,21,0.0027464926,0.0,0.9652128
1028,372,1,3,22,0.0018663555,0.0,0.96380544
1029,373,1,3,23,0.001553446,0.0,0.96010876
1030,374,1,3,24,0.0018361062,0.0,0.9548904
1031,375,1,3,25,0.0018361062,0.0,0.9548904
1032,376,1,3,26,0.0018361062,0.0,0.9548904
1033,377,1,3,27,0.0018361062,0.0,0.9548904
1034,378,1,3,28,0.0071504414,0.005930111,0.9407753
1035,379,1,3,29,0.003179878,0.00268884,0.95279115
1036,380,1,3,30,0.0014033467,0.0,0.96413183
1037,381,1,3,31,0.000638783,0.0,0.967186
1038,382,1,3,32,0.0013089776,0.0,0.9584639
1039,383,1,3,33,0.0018299222,0.0,0.95492935
1040,384,1,3,34,0.0018252134,0.0,0.9549591
1041,385,1,3,35,0.0015874952,0.0,0.9583484
1042,386,1,3,36,0.0016753972,0.0,0.9629973
1043,387,1,3,37,0.0023822635,0.0,0.9650802
1044,388,1,3,38,0.0035847425,0.0,0.96527815
1045,389,1,3,39,0.0049045235,0.0,0.9643285
1046,390,1,3,40,0.0049045235,0.0,0.9643285
1047,391,1,3,41,0.005250141,0.0,0.9639853
1048,392,1,3,42,0.0074846596,0.0019407123,0.96125996
1049,393,1,3,43,0.0102621615,0.0046341866,0.95720017
1050,394,1,3,44,0.013639048,0.0076645017,0.95176107
1051,395,1,3,45,0.017720759,0.011084765,0.9447478
1052,396,1,3,46,0.01819396,0.011474103,0.9438954
1053,397,1,3,47,0.01821287,0.0114979,0.94383955
1054,398,1,3,48,0.022401035,0.014806278,0.9362383
1055,399,1,3,49,0.027889714,0.018952511,0.92582774
1056,400,1,3,50,0.034155563,0.0235245,0.9133425
1057,401,1,3,51,0.041209787,0.028571494,0.8985013
1058,402,1,3,52,0.04420536,0.030705683,0.89193416
1059,403,1,3,53,0.04420536,0.030705683,0.89193416
1060,404,1,3,54,0.04420536,0.030705683,0.89193416
1061,405,1,3,55,0.04420536,0.030705683,0.89193416
1062,406,1,3,56,0.04673215,0.032669142,0.8861183
1063,407,1,3,57,0.06349491,0.04578995,0.8466476
1064,408,1,3,58,0.103254944,0.077310815,0.7486633
1065,409,1,3,59,0.17271438,0.1330455,0.5673176
1066,410,1,3,60,0.26141453,0.2051895,0.31743398
1067,411,1,3,61,0.31381193,0.24938096,0.15326813
1068,412,1,3,62,0.33063346,0.2655555,0.09165761
1069,413,1,3,63,0.33283824,0.269414,0.0790292
1070,414,1,3,64,0.33248383,0.26987475,0.07851574
1071,415,1,3,65,0.33248383,0.26987475,0.07851574
1072,416,1,3,66,0.33248383,0.26987475,0.07851574
1073,417,1,3,67,0.33248383,0.26987475,0.07851574
1074,418,1,3,68,0.33248383,0.26987475,0.07851574
1075,419,1,3,69,0.09637456,0.0715921,0.74666464
1076,420,1,3,70,0.19036621,0.14317383,0.5195527
1077,421,1,3,71,0.2896701,0.22445591,0.25502715
1078,422,1,3,72,0.32823625,0.26066926,0.12989447
1079,423,1,3,73,0.33483547,0.27040783,0.08652949
1080,424,1,3,74,0.33249176,0.26987994,0.078523904
1081,425,1,3,75,0.33249912,0.2698847,0.078531265
1082,426,1,3,76,0.33251762,0.26991874,0.07858521
1083,427,1,3,77,0.33275127,0.2710356,0.08125737
1084,428,1,3,78,0.3325318,0.27139252,0.08450827
1085,429,1,3,79,0.3319081,0.2708702,0.08819497
1086,430,1,3,80,0.33091754,0.2693497,0.092144996
1087,431,1,3,81,0.33060235,0.2687784,0.093194485
1088,432,1,3,82,0.33060235,0.2687784,0.093194485
1089,433,1,3,83,0.32952958,0.26664132,0.09631485
1090,434,1,3,84,0.32765904,0.26250964,0.100614876
1091,435,1,3,85,0.32515368,0.2567165,0.10493094
1092,436,1,3,86,0.32176724,0.24899864,0.10917875
1093,437,1,3,87,0.31937748,0.24377084,0.111479044
1094,438,1,3,88,0.31936663,0.24376959,0.11146444
1095,439,1,3,89,0.31723446,0.2392755,0.11318064
1096,440,1,3,90,0.31118727,0.22721706,0.11696696
1097,441,1,3,91,0.30314296,0.21248952,0.1203545
1098,442,1,3,92,0.29274008,0.19496597,0.122998
1099,443,1,3,93,0.28192294,0.17796364,0.12428141
1100,444,1,3,94,0.28192294,0.17796364,0.12428141
1101,445,1,3,95,0.28192294,0.17796364,0.12428141
1102,446,1,3,96,0.28192294,0.17796364,0.12428141
1103,447,1,3,97,0.058473676,0.03890878,0.7813417
1104,448,1,3,98,0.18912667,0.12184515,0.44207603
1105,449,1,3,99,0.26260334,0.16848013,0.23059645
1106,450,1,3,100,0.28487507,0.18161131,0.14596123
1107,451,1,3,101,0.28367195,0.17951766,0.12519348
1108,452,1,3,102,0.2819381,0.17797704,0.12428409
1109,453,1,3,103,0.28194997,0.17798753,0.124286294
1110,454,1,3,104,0.28761,0.18674375,0.12378502
1111,455,1,3,105,0.2991094,0.20547152,0.121611446
1112,456,1,3,106,0.30812678,0.22139044,0.118493766
1113,457,1,3,107,0.31496623,0.23455757,0.11484322
1114,458,1,3,108,0.31939152,0.24377245,0.111498326
1115,459,1,3,109,0.31939152,0.24377245,0.111498326
1116,460,1,3,110,0.3199994,0.24508828,0.110949844
1117,461,1,3,111,0.32387173,0.25375417,0.1067161
1118,462,1,3,112,0.32669365,0.2602877,0.10243562
1119,463,1,3,113,0.32881626,0.26511383,0.09808406
1120,464,1,3,114,0.3303929,0.26839703,0.093814164
1121,465,1,3,115,0.3305853,0.26877505,0.093167424
1122,466,1,3,116,0.3305738,0.26877278,0.09314963
1123,467,1,3,117,0.3315002,0.2703538,0.08976182
1124,468,1,3,118,0.33227304,0.27127087,0.0859665
1125,469,1,3,119,0.3326698,0.271271,0.08255127
1126,470,1,3,120,0.33264732,0.27046838,0.07962397
1127,471,1,3,121,0.33248383,0.26987475,0.07851574
1128,472,1,3,122,0.33248383,0.26987475,0.07851574
1129,473,1,3,123,0.33248383,0.26987475,0.07851574
1130,474,1,3,124,0.33248383,0.26987475,0.07851574
1131,475,1,4,0,0.0,0.000539884,0.94569576
1132,476,1,4,1,0.0,0.0,0.96510345
1133,477,1,4,2,0.0009191483,0.0,0.97186476
1134,478,1,4,3,0.01585649,0.00477536,0.9514791
1135,479,1,4,4,0.035960898,0.021379992,0.91349185
1136,480,1,4,5,0.04916966,0.03386426,0.88570625
1137,481,1,4,6,0.049136996,0.03383202,0.8857771
1138,482,1,4,7,0.048832864,0.033811986,0.8867233
1139,483,1,4,8,0.045655757,0.03429368,0.8961235
1140,484,1,4,9,0.043722734,0.03498231,0.90062225
1141,485,1,4,10,0.042580247,0.03565231,0.9024558
1142,486,1,4,11,0.041882873,0.03613601,0.90310526
1143,487,1,4,12,0.041768357,0.036202714,0.90318626
1144,488,1,4,13,0.041768357,0.036202714,0.90318626
1145,489,1,4,14,0.041384846,0.036319934,0.903504
1146,490,1,4,15,0.040941104,0.036122084,0.90419984
1147,491,1,4,16,0.040496334,0.035517402,0.9054228
1148,492,1,4,17,0.040059716,0.034521393,0.9071455
1149,493,1,4,18,0.03987807,0.033898845,0.9080945
1150,494,1,4,19,0.039909557,0.033932358,0.908028
1151,495,1,4,20,0.039787844,0.033293925,0.9088801
1152,496,1,4,21,0.039689347,0.031753875,0.9103675
1153,497,1,4,22,0.040076584,0.03008902,0.9104684
1154,498,1,4,23,0.041334763,0.028493062,0.9074991
1155,499,1,4,24,0.043310776,0.027427584,0.90121096
1156,500,1,4,25,0.043310776,0.027427584,0.90121096
1157,501,1,4,26,0.043310776,0.027427584,0.90121096
1158,502,1,4,27,0.043310776,0.027427584,0.90121096
1159,503,1,4,28,0.0,0.00097349286,0.9438542
1160,504,1,4,29,0.0,0.0,0.9700042
1161,505,1,4,30,0.005015582,0.0,0.9692671
1162,506,1,4,31,0.020655409,0.007212624,0.94579285
1163,507,1,4,32,0.039057404,0.023300037,0.91018015
1164,508,1,4,33,0.04326813,0.027385488,0.9013022
1165,509,1,4,34,0.043235406,0.027353138,0.9013722
1166,510,1,4,35,0.041913047,0.02791208,0.9056766
1167,511,1,4,36,0.040240005,0.02941434,0.9102149
1168,512,1,4,37,0.03961444,0.031080097,0.91089714
1169,513,1,4,38,0.039605036,0.032695815,0.90968466
1170,514,1,4,39,0.03983693,0.033854976,0.9081816
1171,515,1,4,40,0.03983693,0.033854976,0.9081816
1172,516,1,4,41,0.039908454,0.034101814,0.90781295
1173,517,1,4,42,0.04034598,0.035232775,0.90594196
1174,518,1,4,43,0.040801212,0.0359743,0.90452677
1175,519,1,4,44,0.04125154,0.036311463,0.9036555
1176,520,1,4,45,0.04174398,0.036259614,0.90316385
1177,521,1,4,46,0.04182373,0.03626184,0.9030684
1178,522,1,4,47,0.041859925,0.036300503,0.9029913
1179,523,1,4,48,0.04244457,0.035968497,0.90247416
1180,524,1,4,49,0.04342626,0.035361633,0.90112
1181,525,1,4,50,0.04505202,0.03465467,0.8977046
1182,526,1,4,51,0.047739178,0.03405431,0.890272
1183,527,1,4,52,0.04920602,0.03390015,0.88562715
1184,528,1,4,53,0.04920602,0.03390015,0.88562715
1185,529,1,4,54,0.04920602,0.03390015,0.88562715
1186,530,1,4,55,0.04920602,0.03390015,0.88562715
1187,531,1,4,56,0.051619448,0.03578598,0.88061637
1188,532,1,4,57,0.0722537,0.052125156,0.83707404
1189,533,1,4,58,0.12041656,0.09098469,0.7324732
1190,534,1,4,59,0.21093494,0.1645623,0.52990043
1191,535,1,4,60,0.31891277,0.25143486,0.28168443
1192,536,1,4,61,0.3818637,0.30081823,0.133374
1193,537,1,4,62,0.40522248,0.318366,0.076242715
1194,538,1,4,63,0.4113942,0.32250363,0.05954683
1195,539,1,4,64,0.41189295,0.32266343,0.057596624
1196,540,1,4,65,0.41189295,0.32266343,0.057596624
1197,541,1,4,66,0.41189295,0.32266343,0.057596624
1198,542,1,4,67,0.41189295,0.32266343,0.057596624
1199,543,1,4,68,0.41189295,0.32266343,0.057596624
1200,544,1,4,69,0.1578125,0.120553836,0.6416992
1201,545,1,4,70,0.26055747,0.20281318,0.43242234
1202,546,1,4,71,0.3605777,0.28404915,0.21880552
1203,547,1,4,72,0.4026969,0.31793633,0.116176695
1204,548,1,4,73,0.41356835,0.3253889,0.071570724
1205,549,1,4,74,0.4119029,0.3226752,0.057620883
1206,550,1,4,75,0.41191205,0.32268602,0.057643294
1207,551,1,4,76,0.4120285,0.32286784,0.05760929
1208,552,1,4,77,0.41562533,0.32986498,0.055772305
1209,553,1,4,78,0.4162107,0.33363232,0.056435883
1210,554,1,4,79,0.41522717,0.33544993,0.05864787
1211,555,1,4,80,0.4136753,0.33615893,0.061566204
1212,556,1,4,81,0.41326606,0.3362298,0.062354177
1213,557,1,4,82,0.41326606,0.3362298,0.062354177
1214,558,1,4,83,0.4121712,0.33626303,0.064609766
1215,559,1,4,84,0.41108543,0.33601087,0.0673863
1216,560,1,4,85,0.41059166,0.33547503,0.06963843
1217,561,1,4,86,0.41062266,0.33455557,0.07137573
1218,562,1,4,87,0.41076553,0.33378366,0.07216996
1219,563,1,4,88,0.41075918,0.33377355,0.07213068
1220,564,1,4,89,0.4108656,0.33298963,0.07269594
1221,565,1,4,90,0.41081464,0.33030975,0.074214965
1222,566,1,4,91,0.4095996,0.32567915,0.07645449
1223,567,1,4,92,0.40595135,0.31790328,0.080121726
1224,568,1,4,93,0.39972073,0.30768794,0.0848501
1225,569,1,4,94,0.39972073,0.30768794,0.0848501
1226,570,1,4,95,0.39972073,0.30768794,0.0848501
1227,571,1,4,96,0.39972073,0.30768794,0.0848501
1228,572,1,4,97,0.14446524,0.10478631,0.670236
1229,573,1,4,98,0.2895772,0.2189137,0.37394375
1230,574,1,4,99,0.36319196,0.2784912,0.21147755
1231,575,1,4,100,0.39317936,0.3029691,0.1308142
1232,576,1,4,101,0.40013418,0.3082232,0.09165087
1233,577,1,4,102,0.39972717,0.3076949,0.08490023
1234,578,1,4,103,0.39973205,0.30770028,0.0849393
1235,579,1,4,104,0.4032873,0.31329718,0.0824168
1236,580,1,4,105,0.40846458,0.32288712,0.077955484
1237,581,1,4,106,0.41053307,0.32869318,0.075202525
1238,582,1,4,107,0.41094524,0.3320793,0.07343754
1239,583,1,4,108,0.41077372,0.33379674,0.0722211
1240,584,1,4,109,0.41077372,0.33379674,0.0722211
1241,585,1,4,110,0.41073418,0.33400947,0.07202181
1242,586,1,4,111,0.410554,0.33515698,0.07042161
1243,587,1,4,112,0.4108091,0.3358259,0.068383634
1244,588,1,4,113,0.4116531,0.33619058,0.0658015
1245,589,1,4,114,0.41302693,0.33624464,0.06278297
1246,590,1,4,115,0.413252,0.33620822,0.06229803
1247,591,1,4,116,0.41324246,0.3361938,0.062260687
1248,592,1,4,117,0.4145681,0.33579642,0.059704125
1249,593,1,4,118,0.41587523,0.33452952,0.05711171
1250,594,1,4,119,0.41610438,0.3317123,0.055684835
1251,595,1,4,120,0.41399994,0.32629317,0.056373417
1252,596,1,4,121,0.41189295,0.32266343,0.057596624
1253,597,1,4,122,0.41189295,0.32266343,0.057596624
1254,598,1,4,123,0.41189295,0.32266343,0.057596624
1255,599,1,4,124,0.41189295,0.32266343,0.057596624
1256,600,1,5,0,0.0,0.0,0.8964516
1257,601,1,5,1,0.0,0.0,0.88251597
1258,602,1,5,2,0.003129676,0.0,0.86301786
1259,603,1,5,3,0.01052694,0.0,0.8444464
1260,604,1,5,4,0.015608236,0.0006034672,0.83441085
1261,605,1,5,5,0.0155953765,0.0005990565,0.8344342
1262,606,1,5,6,0.0153853,0.00056396425,0.83557874
1263,607,1,5,7,0.01336427,0.0005288869,0.84921634
1264,608,1,5,8,0.0130211115,0.0012649596,0.85655767
1265,609,1,5,9,0.0140623,0.002714172,0.85875154
1266,610,1,5,10,0.01630658,0.004815787,0.8565947
1267,611,1,5,11,0.016930059,0.0053407103,0.8556242
1268,612,1,5,12,0.016930059,0.0053407103,0.8556242
1269,613,1,5,13,0.019719318,0.007532373,0.85045624
1270,614,1,5,14,0.02432625,0.010772333,0.84039974
1271,615,1,5,15,0.030063912,0.014314055,0.82660854
1272,616,1,5,16,0.036866292,0.01791054,0.80918354
1273,617,1,5,17,0.04066442,0.019661337,0.79905117
1274,618,1,5,18,0.04069169,0.019683123,0.79900944
1275,619,1,5,19,0.044381626,0.021217763,0.7888942
1276,620,1,5,20,0.05230634,0.023930639,0.76603913
1277,621,1,5,21,0.06020175,0.025827512,0.74133354
1278,622,1,5,22,0.06746965,0.026758969,0.71593064
1279,623,1,5,23,0.072487034,0.02683901,0.69588184
1280,624,1,5,24,0.072487034,0.02683901,0.69588184
1281,625,1,5,25,0.072487034,0.02683901,0.69588184
1282,626,1,5,26,0.072487034,0.02683901,0.69588184
1283,627,1,5,27,0.0,0.0,0.9174726
1284,628,1,5,28,0.009435162,0.0,0.8747531
1285,629,1,5,29,0.030922681,0.0058341324,0.80636156
1286,630,1,5,30,0.052542523,0.014372438,0.7431682
1287,631,1,5,31,0.06941303,0.024400398,0.70197487
1288,632,1,5,32,0.07245787,0.026814431,0.6959365
1289,633,1,5,33,0.0724356,0.02679567,0.6959783
1290,634,1,5,34,0.06957686,0.026790686,0.70766795
1291,635,1,5,35,0.06260654,0.026159726,0.7331016
1292,636,1,5,36,0.054829426,0.024565399,0.7582283
1293,637,1,5,37,0.046847187,0.022099942,0.7818239
1294,638,1,5,38,0.040628567,0.019632593,0.79910624
1295,639,1,5,39,0.040628567,0.019632593,0.79910624
1296,640,1,5,40,0.039240688,0.019016415,0.8028506
1297,641,1,5,41,0.032135993,0.015473843,0.8213999
1298,642,1,5,42,0.026048958,0.011888593,0.8363698
1299,643,1,5,43,0.021084592,0.008534968,0.8476218
1300,644,1,5,44,0.017268524,0.0056163967,0.8550656
1301,645,1,5,45,0.016964942,0.005363524,0.85557413
1302,646,1,5,46,0.016987815,0.00537844,0.85554135
1303,647,1,5,47,0.014743239,0.0033777356,0.8583905
1304,648,1,5,48,0.013295293,0.001705423,0.85769546
1305,649,1,5,49,0.013145685,0.0007196814,0.8521844
1306,650,1,5,50,0.014551431,0.00048157573,0.84082735
1307,651,1,5,51,0.0156225115,0.0006083995,0.8343849
1308,652,1,5,52,0.0156225115,0.0006083995,0.8343849
1309,653,1,5,53,0.0156225115,0.0006083995,0.8343849
1310,654,1,5,54,0.0156225115,0.0006083995,0.8343849
1311,655,1,5,55,0.017359257,0.0012810677,0.8302627
1312,656,1,5,56,0.030603752,0.007145822,0.79930806
1313,657,1,5,57,0.06155014,0.023313016,0.72839093
1314,658,1,5,58,0.12584813,0.06176357,0.583645
1315,659,1,5,59,0.2098004,0.11895047,0.4006486
1316,660,1,5,60,0.26176435,0.16032127,0.29461005
1317,661,1,5,61,0.28430724,0.18195808,0.2525664
1318,662,1,5,62,0.29203987,0.19095963,0.23933248
1319,663,1,5,63,0.29412732,0.19375098,0.23595381
1320,664,1,5,64,0.29412732,0.19375098,0.23595381
1321,665,1,5,65,0.29412732,0.19375098,0.23595381
1322,666,1,5,66,0.29412732,0.19375098,0.23595381
1323,667,1,5,67,0.29412732,0.19375098,0.23595381
1324,668,1,5,68,0.07022661,0.04930821,0.73677087
1325,669,1,5,69,0.14454418,0.092465825,0.5727415
1326,670,1,5,70,0.23156759,0.14418903,0.37829372
1327,671,1,5,71,0.27338925,0.17173864,0.28410378
1328,672,1,5,72,0.28993565,0.18663603,0.24631147
1329,673,1,5,73,0.29412133,0.19373487,0.23597038
1330,674,1,5,74,0.2941158,0.19372001,0.23598562
1331,675,1,5,75,0.29424524,0.19400182,0.23611365
1332,676,1,5,76,0.3010832,0.21080738,0.24302855
1333,677,1,5,77,0.30505124,0.22373885,0.24998337
1334,678,1,5,78,0.30667412,0.23241553,0.25641024
1335,679,1,5,79,0.30654985,0.23677804,0.2619016
1336,680,1,5,80,0.30629832,0.23722188,0.26315084
1337,681,1,5,81,0.30629832,0.23722188,0.26315084
1338,682,1,5,82,0.30517828,0.23695855,0.26631546
1339,683,1,5,83,0.30289876,0.23308793,0.2695886
1340,684,1,5,84,0.29995108,0.22559015,0.27168125
1341,685,1,5,85,0.29634395,0.21502772,0.27269757
1342,686,1,5,86,0.29400015,0.20809954,0.27284408
1343,687,1,5,87,0.29400814,0.20811366,0.2728083
1344,688,1,5,88,0.292013,0.20240152,0.2727404
1345,689,1,5,89,0.286495,0.18799423,0.2722633
1346,690,1,5,90,0.27933902,0.17220642,0.2715789
1347,691,1,5,91,0.27014473,0.1553764,0.2711776
1348,692,1,5,92,0.26054272,0.14046323,0.2714768
1349,693,1,5,93,0.26054272,0.14046323,0.2714768
1350,694,1,5,94,0.26054272,0.14046323,0.2714768
1351,695,1,5,95,0.26054272,0.14046323,0.2714768
1352,696,1,5,96,0.080331855,0.04388623,0.74889565
1353,697,1,5,97,0.17109591,0.08744342,0.51725084
1354,698,1,5,98,0.22009073,0.11096223,0.381554
1355,699,1,5,99,0.24518496,0.1256746,0.31094447
1356,700,1,5,100,0.25816905,0.13737695,0.27697715
1357,701,1,5,101,0.26052526,0.14043847,0.27151582
1358,702,1,5,102,0.26051167,0.14041921,0.27154624
1359,703,1,5,103,0.26546633,0.14784713,0.27133703
1360,704,1,5,104,0.27563167,0.16505714,0.27147573
1361,705,1,5,105,0.28363466,0.18136162,0.2721155
1362,706,1,5,106,0.2898145,0.19644246,0.27272317
1363,707,1,5,107,0.29398972,0.20808128,0.2728904
1364,708,1,5,108,0.29398972,0.20808128,0.2728904
1365,709,1,5,109,0.29459,0.20983638,0.27287182
1366,710,1,5,110,0.2985319,0.22151837,0.2722386
1367,711,1,5,111,0.301746,0.23037368,0.27059954
1368,712,1,5,112,0.30432066,0.23582262,0.26781803
1369,713,1,5,113,0.30612263,0.23736772,0.26381576
1370,714,1,5,114,0.30631137,0.2372537,0.26309258
1371,715,1,5,115,0.30632,0.2372749,0.26305377
1372,716,1,5,116,0.3068326,0.2348592,0.25873974
1373,717,1,5,117,0.306028,0.22804403,0.25268337
1374,718,1,5,118,0.3031351,0.21691644,0.24592538
1375,719,1,5,119,0.2975775,0.20170455,0.23896845
1376,720,1,5,120,0.29412732,0.19375098,0.23595381
1377,721,1,5,121,0.29412732,0.19375098,0.23595381
1378,722,1,5,122,0.29412732,0.19375098,0.23595381
1379,723,1,5,123,0.29412732,0.19375098,0.23595381
1380,724,1,6,0,0.0,0.0,0.9392471
1381,725,1,6,1,0.0,0.0,0.9328419
1382,726,1,6,2,0.013068512,0.018324062,0.8882148
1383,727,1,6,3,0.03791876,0.042888694,0.82402915
1384,728,1,6,4,0.060523055,0.06737105,0.7685573
1385,729,1,6,5,0.07120887,0.08090804,0.74458915
1386,730,1,6,6,0.07118639,0.08087709,0.744637
1387,731,1,6,7,0.071857475,0.08155927,0.744382
1388,732,1,6,8,0.083006494,0.09298326,0.73785794
1389,733,1,6,9,0.092244536,0.102362305,0.7297162
1390,734,1,6,10,0.100196674,0.110378824,0.7200131
1391,735,1,6,11,0.10740483,0.11762373,0.7088444
1392,736,1,6,12,0.10900614,0.119234994,0.7060916
1393,737,1,6,13,0.10900614,0.119234994,0.7060916
1394,738,1,6,14,0.11478276,0.12506664,0.6955457
1395,739,1,6,15,0.12287986,0.13331667,0.67973244
1396,740,1,6,16,0.13221486,0.14294799,0.6608922
1397,741,1,6,17,0.14333066,0.15454201,0.63826495
1398,742,1,6,18,0.15003684,0.16157906,0.62460864
1399,743,1,6,19,0.1500825,0.16163285,0.6245054
1400,744,1,6,20,0.15664797,0.16854036,0.61114216
1401,745,1,6,21,0.17282897,0.18557525,0.5782441
1402,746,1,6,22,0.19238472,0.20613168,0.5384003
1403,747,1,6,23,0.21561635,0.2304452,0.49075288
1404,748,1,6,24,0.2374121,0.2531302,0.44560453
1405,749,1,6,25,0.2374121,0.2531302,0.44560453
1406,750,1,6,26,0.2374121,0.2531302,0.44560453
1407,751,1,6,27,0.2374121,0.2531302,0.44560453
1408,752,1,6,28,0.012475267,0.013165742,0.89987457
1409,753,1,6,29,0.06019383,0.063656695,0.82025856
1410,754,1,6,30,0.12798813,0.13403603,0.6808688
1411,755,1,6,31,0.18918814,0.19847482,0.5495986
1412,756,1,6,32,0.23055929,0.24486914,0.46039158
1413,757,1,6,33,0.23735093,0.25305519,0.44573665
1414,758,1,6,34,0.23730402,0.25299764,0.44583797
1415,759,1,6,35,0.22456059,0.23974103,0.4723022
1416,760,1,6,36,0.1999069,0.21398929,0.523052
1417,761,1,6,37,0.17900978,0.1920523,0.56571007
1418,762,1,6,38,0.16167855,0.17381348,0.6009529
1419,763,1,6,39,0.14997643,0.16150792,0.6247452
1420,764,1,6,40,0.14997643,0.16150792,0.6247452
1421,765,1,6,41,0.14768693,0.15910465,0.6294036
1422,766,1,6,42,0.13576013,0.14663221,0.6536844
1423,767,1,6,43,0.12583439,0.13635193,0.6738077
1424,768,1,6,44,0.11740535,0.12773018,0.6905153
1425,769,1,6,45,0.10982762,0.12006905,0.7046324
1426,770,1,6,46,0.10907179,0.11931457,0.7059469
1427,771,1,6,47,0.109114915,0.11936685,0.70585185
1428,772,1,6,48,0.10288051,0.11310767,0.7160133
1429,773,1,6,49,0.095301464,0.105484836,0.72616744
1430,774,1,6,50,0.08652766,0.09660187,0.7349313
1431,775,1,6,51,0.076037794,0.085885994,0.7421397
1432,776,1,6,52,0.07123375,0.08094225,0.7445362
1433,777,1,6,53,0.07123375,0.08094225,0.7445362
1434,778,1,6,54,0.07123375,0.08094225,0.7445362
1435,779,1,6,55,0.07123375,0.08094225,0.7445362
1436,780,1,6,56,0.07444509,0.08446947,0.7355178
1437,781,1,6,57,0.09608662,0.10780415,0.6751537
1438,782,1,6,58,0.14093608,0.15457985,0.55179477
1439,783,1,6,59,0.20710438,0.22130269,0.37296563
1440,784,1,6,60,0.28719157,0.29802176,0.1608809
1441,785,1,6,61,0.32874596,0.32943255,0.054421514
1442,786,1,6,62,0.34141654,0.32851058,0.026973933
1443,787,1,6,63,0.3442359,0.32245055,0.025279075
1444,788,1,6,64,0.34483522,0.31973177,0.026408523
1445,789,1,6,65,0.34483522,0.31973177,0.026408523
1446,790,1,6,66,0.34483522,0.31973177,0.026408523
1447,791,1,6,67,0.34483522,0.31973177,0.026408523
1448,792,1,6,68,0.34483522,0.31973177,0.026408523
1449,793,1,6,69,0.15694287,0.17048986,0.6014239
1450,794,1,6,70,0.2531964,0.25859243,0.36833993
1451,795,1,6,71,0.33303776,0.3306743,0.14687756
1452,796,1,6,72,0.35402626,0.34584004,0.055303276
1453,797,1,6,73,0.35082796,0.33376816,0.027687728
1454,798,1,6,74,0.34484977,0.31976688,0.026401103
1455,799,1,6,75,0.34486324,0.31979924,0.026394367
1456,800,1,6,76,0.34509933,0.32003462,0.026334465
1457,801,1,6,77,0.36333877,0.33568287,0.02213353
1458,802,1,6,78,0.37478042,0.34474117,0.019683689
1459,803,1,6,79,0.38165838,0.3497789,0.018509865
1460,804,1,6,80,0.38589126,0.35291517,0.018227905
1461,805,1,6,81,0.386737,0.3536163,0.01826924
1462,806,1,6,82,0.386737,0.3536163,0.01826924
1463,807,1,6,83,0.38872465,0.35554725,0.01858601
1464,808,1,6,84,0.39105904,0.35866714,0.019434929
1465,809,1,6,85,0.39339566,0.36280495,0.020680547
1466,810,1,6,86,0.39605245,0.36822468,0.022267014
1467,811,1,6,87,0.39775297,0.37185967,0.02331087
1468,812,1,6,88,0.39773214,0.37181613,0.023346096
1469,813,1,6,89,0.39910215,0.37478012,0.02420625
1470,814,1,6,90,0.40277594,0.38273332,0.026367098
1471,815,1,6,91,0.40704557,0.39183837,0.028798163
1472,816,1,6,92,0.411912,0.40192312,0.031523377
1473,817,1,6,93,0.41639045,0.41087955,0.034054637
1474,818,1,6,94,0.41639045,0.41087955,0.034054637
1475,819,1,6,95,0.41639045,0.41087955,0.034054637
1476,820,1,6,96,0.41639045,0.41087955,0.034054637
1477,821,1,6,97,0.36603844,0.3983835,0.20183757
1478,822,1,6,98,0.44447684,0.47638112,0.009433031
1479,823,1,6,99,0.44547105,0.46847606,0.0
1480,824,1,6,100,0.43258247,0.44262666,0.009082854
1481,825,1,6,101,0.4197597,0.41748577,0.028630972
1482,826,1,6,102,0.4164158,0.41092932,0.0340133
1483,827,1,6,103,0.4164356,0.41096795,0.033981204
1484,828,1,6,104,0.41428602,0.40670997,0.03270623
1485,829,1,6,105,0.40924516,0.39643294,0.029843837
1486,830,1,6,106,0.40466982,0.38678795,0.027254492
1487,831,1,6,107,0.4007069,0.37825128,0.024979085
1488,832,1,6,108,0.39777988,0.37191588,0.02326554
1489,833,1,6,109,0.39777988,0.37191588,0.02326554
1490,834,1,6,110,0.39738536,0.3710672,0.02303207
1491,835,1,6,111,0.39450216,0.36500424,0.021319121
1492,836,1,6,112,0.39205736,0.3603297,0.019934237
1493,837,1,6,113,0.38977563,0.3568114,0.018914998
1494,838,1,6,114,0.38719952,0.3540003,0.01833728
1495,839,1,6,115,0.386703,0.35353804,0.0183132
1496,840,1,6,116,0.3866802,0.3534856,0.018342882
1497,841,1,6,117,0.38368458,0.35111812,0.018382221
1498,842,1,6,118,0.37819052,0.34713733,0.019114643
1499,843,1,6,119,0.3690485,0.34017903,0.020922244
1500,844,1,6,120,0.3541752,0.3278724,0.024243921
1501,845,1,6,121,0.34483522,0.31973177,0.026408523
1502,846,1,6,122,0.34483522,0.31973177,0.026408523
1503,847,1,6,123,0.34483522,0.31973177,0.026408523
1504,848,1,6,124,0.34483522,0.31973177,0.026408523
1505,849,1,7,0,0.0,0.0,0.90197706
1506,850,1,7,1,0.0,0.0,0.91432524
1507,851,1,7,2,0.0,0.0,0.91584253
1508,852,1,7,3,0.0,0.0,0.88484365
1509,853,1,7,4,0.008566111,0.0,0.8411245
1510,854,1,7,5,0.017297909,0.004960388,0.8165952
1511,855,1,7,6,0.017276764,0.0049376786,0.8166507
1512,856,1,7,7,0.017146304,0.0049626976,0.8181813
1513,857,1,7,8,0.016330644,0.006154731,0.8376905
1514,858,1,7,9,0.016589671,0.007843196,0.8528755
1515,859,1,7,10,0.017500207,0.009739801,0.8645963
1516,860,1,7,11,0.018771857,0.011651516,0.8735802
1517,861,1,7,12,0.019065708,0.012044162,0.87518805
1518,862,1,7,13,0.019065708,0.012044162,0.87518805
1519,863,1,7,14,0.020222351,0.01348266,0.88056684
1520,864,1,7,15,0.0217226,0.015170693,0.88605356
1521,865,1,7,16,0.02318561,0.016689673,0.8903366
1522,866,1,7,17,0.02462259,0.018108293,0.89365196
1523,867,1,7,18,0.025374562,0.018838309,0.89494383
1524,868,1,7,19,0.025405794,0.018869586,0.89488894
1525,869,1,7,20,0.026154831,0.019597054,0.89583313
1526,870,1,7,21,0.027880222,0.021293342,0.8969331
1527,871,1,7,22,0.030204892,0.023640558,0.89616084
1528,872,1,7,23,0.033691898,0.027227916,0.89218354
1529,873,1,7,24,0.037856817,0.031509407,0.885223
1530,874,1,7,25,0.037856817,0.031509407,0.885223
1531,875,1,7,26,0.037856817,0.031509407,0.885223
1532,876,1,7,27,0.037856817,0.031509407,0.885223
1533,877,1,7,28,0.0,0.0,0.9174996
1534,878,1,7,29,0.0,0.0,0.9343543
1535,879,1,7,30,0.0,0.0,0.9401723
1536,880,1,7,31,0.013198093,0.009000763,0.9235697
1537,881,1,7,32,0.0,0.0,0.90197706
1538,882,1,7,33,0.0,0.0,0.91308475
1539,883,1,7,34,0.0,0.0,0.9169276
1540,884,1,7,35,0.0,0.0,0.88788897
1541,885,1,7,36,0.007519409,0.0,0.8442506
1542,886,1,7,37,0.017321452,0.0049856603,0.8165333
1543,887,1,7,38,0.017321452,0.0049856603,0.8165333
1544,888,1,7,39,0.017321452,0.0049856603,0.8165333
1545,889,1,7,40,0.017321452,0.0049856603,0.8165333
1546,890,1,7,41,0.0173399,0.005001068,0.816458
1547,891,1,7,42,0.020790458,0.007907346,0.8026154
1548,892,1,7,43,0.041769758,0.026190184,0.7250897
1549,893,1,7,44,0.08622688,0.0663481,0.5787144
1550,894,1,7,45,0.14281893,0.11869086,0.41223526
1551,895,1,7,46,0.19971187,0.17239696,0.26453838
1552,896,1,7,47,0.23967864,0.21084544,0.17488724
1553,897,1,7,48,0.2657334,0.236191,0.12516111
1554,898,1,7,49,0.27498534,0.24519351,0.10986835
1555,899,1,7,50,0.27606848,0.24624485,0.10818344
1556,900,1,7,51,0.27606848,0.24624485,0.10818344
1557,901,1,7,52,0.27606848,0.24624485,0.10818344
1558,902,1,7,53,0.27606848,0.24624485,0.10818344
1559,903,1,7,54,0.062657654,0.05649668,0.71160764
1560,904,1,7,55,0.17764713,0.14934269,0.40715212
1561,905,1,7,56,0.23596203,0.20074427,0.24020663
1562,906,1,7,57,0.26255345,0.22794,0.15718767
1563,907,1,7,58,0.2742497,0.24320328,0.11574048
1564,908,1,7,59,0.2760564,0.24622324,0.10823625
1565,909,1,7,60,0.276047,0.24620637,0.10827756
1566,910,1,7,61,0.2828591,0.2561234,0.11269832
1567,911,1,7,62,0.29918745,0.27859336,0.12267095
1568,912,1,7,63,0.3148404,0.29882956,0.13107708
1569,913,1,7,64,0.32935107,0.3168546,0.13765001
1570,914,1,7,65,0.3407082,0.33066785,0.14186278
1571,915,1,7,66,0.3407082,0.33066785,0.14186278
1572,916,1,7,67,0.34229285,0.33258283,0.14237672
1573,917,1,7,68,0.35396594,0.34665304,0.14548662
1574,918,1,7,69,0.36382398,0.35857594,0.14688766
1575,919,1,7,70,0.3718765,0.36845893,0.14669234
1576,920,1,7,71,0.3780846,0.3762912,0.14508525
1577,921,1,7,72,0.37889042,0.37733784,0.14468929
1578,922,1,7,73,0.37889728,0.377354,0.1446378
1579,923,1,7,74,0.38215184,0.38169217,0.14244106
1580,924,1,7,75,0.38393188,0.38438076,0.13954368
1581,925,1,7,76,0.38264763,0.38323963,0.13752365
1582,926,1,7,77,0.3771429,0.37652898,0.13833883
1583,927,1,7,78,0.3728541,0.37102073,0.14032054
1584,928,1,7,79,0.3728541,0.37102073,0.14032054
1585,929,1,7,80,0.3728541,0.37102073,0.14032054
1586,930,1,7,81,0.3728541,0.37102073,0.14032054
1587,931,1,7,82,0.120054826,0.119749814,0.70215416
1588,932,1,7,83,0.1935797,0.18408902,0.56283325
1589,933,1,7,84,0.3103037,0.29039195,0.3222396
1590,934,1,7,85,0.3575587,0.34093344,0.20889467
1591,935,1,7,86,0.37191826,0.36324555,0.15995881
1592,936,1,7,87,0.3728574,0.3710142,0.14034274
1593,937,1,7,88,0.37286076,0.3710075,0.14036533
1594,938,1,7,89,0.37286526,0.37099862,0.14039555
1595,939,1,7,90,0.3797201,0.37970287,0.1376844
1596,940,1,7,91,0.38353488,0.3841485,0.13820848
1597,941,1,7,92,0.3835776,0.38371956,0.1407536
1598,942,1,7,93,0.3808514,0.37990305,0.14363658
1599,943,1,7,94,0.37888008,0.37731373,0.14476642
1600,944,1,7,95,0.37888008,0.37731373,0.14476642
1601,945,1,7,96,0.37599057,0.37361306,0.1458599
1602,946,1,7,97,0.3690803,0.36500242,0.14695027
1603,947,1,7,98,0.3603559,0.35436863,0.14655319
1604,948,1,7,99,0.3498329,0.34167552,0.1445095
1605,949,1,7,100,0.34072375,0.33069015,0.14180663
1606,950,1,7,101,0.34073663,0.33070868,0.14175972
1607,951,1,7,102,0.337806,0.3271642,0.14069703
1608,952,1,7,103,0.32425302,0.3105932,0.13526317
1609,953,1,7,104,0.30930504,0.29179925,0.12802163
1610,954,1,7,105,0.29337212,0.2707892,0.11903441
1611,955,1,7,106,0.27691346,0.24749479,0.10872716
1612,956,1,7,107,0.27606848,0.24624485,0.10818344
1613,957,1,7,108,0.27606848,0.24624485,0.10818344
1614,958,1,7,109,0.27606848,0.24624485,0.10818344
1615,959,1,8,0,0.0,0.0,0.93388945
1616,960,1,8,1,0.0,0.0,0.9441451
1617,961,1,8,2,0.004983142,0.008106098,0.9094002
1618,962,1,8,3,0.030108958,0.032062113,0.8452398
1619,963,1,8,4,0.055111557,0.057749078,0.7832338
1620,964,1,8,5,0.06867307,0.07288631,0.7518425
1621,965,1,8,6,0.0686422,0.07285055,0.75191104
1622,966,1,8,7,0.06795677,0.0722764,0.75386727
1623,967,1,8,8,0.058525108,0.06446167,0.7806773
1624,968,1,8,9,0.05060693,0.0577131,0.8023671
1625,969,1,8,10,0.04391297,0.051801927,0.81989485
1626,970,1,8,11,0.038063213,0.04643502,0.83442354
1627,971,1,8,12,0.03687167,0.045316465,0.83727956
1628,972,1,8,13,0.03687167,0.045316465,0.83727956
1629,973,1,8,14,0.032745823,0.04137546,0.846879
1630,974,1,8,15,0.027772218,0.036485396,0.85783064
1631,975,1,8,16,0.023153633,0.03179168,0.86734295
1632,976,1,8,17,0.018942446,0.027303725,0.87529194
1633,977,1,8,18,0.01701571,0.02512046,0.87855065
1634,978,1,8,19,0.01704213,0.025150396,0.8784885
1635,979,1,8,20,0.015464082,0.02324009,0.8808346
1636,980,1,8,21,0.012860432,0.019508123,0.88330555
1637,981,1,8,22,0.014468819,0.011601925,0.856669
1638,982,1,8,23,0.0,0.0015571415,0.9278387
1639,983,1,8,24,0.0030421913,0.0033063889,0.9222841
1640,984,1,8,25,0.0,0.0019141436,0.93074155
1641,985,1,8,26,0.0,0.0016871691,0.920812
1642,986,1,8,27,0.004917264,0.0040507466,0.89516103
1643,987,1,8,28,0.012476206,0.009753078,0.86389995
1644,988,1,8,29,0.014449179,0.01158306,0.8567382
1645,989,1,8,30,0.014434114,0.011568606,0.85679126
1646,990,1,8,31,0.012895942,0.012561113,0.8662559
1647,991,1,8,32,0.011481941,0.015109003,0.87883526
1648,992,1,8,33,0.012165591,0.0182423,0.8833915
1649,993,1,8,34,0.014380783,0.021841407,0.8823023
1650,994,1,8,35,0.016981259,0.025081404,0.87863183
1651,995,1,8,36,0.016981259,0.025081404,0.87863183
1652,996,1,8,37,0.017633006,0.025833845,0.87756217
1653,997,1,8,38,0.02168879,0.03026019,0.8702061
1654,998,1,8,39,0.026216283,0.03492286,0.8611109
1655,999,1,8,40,0.031054705,0.039731704,0.85068035
1656,1000,1,8,41,0.036315605,0.04479774,0.83860445
1657,1001,1,8,42,0.036931083,0.04538516,0.8371483
1658,1002,1,8,43,0.03697002,0.045430236,0.8370623
1659,1003,1,8,44,0.041977525,0.050081946,0.8248313
1660,1004,1,8,45,0.048411056,0.055841267,0.8082759
1661,1005,1,8,46,0.05583618,0.062239915,0.78822064
1662,1006,1,8,47,0.064720444,0.06965498,0.7632418
1663,1007,1,8,48,0.06870727,0.07292598,0.75176656
1664,1008,1,8,49,0.0,0.0,0.93388945
1665,1009,1,8,50,0.0,0.0,0.94413096
1666,1010,1,8,51,0.0050296187,0.008149236,0.9092825
1667,1011,1,8,52,0.030288637,0.032239117,0.8447833
1668,1012,1,8,53,0.05526661,0.05791632,0.78286296
1669,1013,1,8,54,0.06870727,0.07292598,0.75176656
1670,1014,1,8,55,0.06870727,0.07292598,0.75176656
1671,1015,1,8,56,0.06870727,0.07292598,0.75176656
1672,1016,1,8,57,0.06870727,0.07292598,0.75176656
1673,1017,1,8,58,0.06872679,0.072946005,0.7517158
1674,1018,1,8,59,0.07640391,0.08076014,0.7317928
1675,1019,1,8,60,0.103445515,0.10746685,0.66219985
1676,1020,1,8,61,0.14910573,0.1505923,0.5463392
1677,1021,1,8,62,0.22866236,0.22167604,0.3487709
1678,1022,1,8,63,0.30255416,0.2831279,0.17043445
1679,1023,1,8,64,0.33845228,0.3099875,0.085556954
1680,1024,1,8,65,0.35173875,0.3183319,0.054068863
1681,1025,1,8,66,0.35641903,0.3205709,0.042769045
1682,1026,1,8,67,0.35699403,0.3207866,0.0413599
1683,1027,1,8,68,0.35699403,0.3207866,0.0413599
1684,1028,1,8,69,0.35699403,0.3207866,0.0413599
1685,1029,1,8,70,0.35699403,0.3207866,0.0413599
1686,1030,1,8,71,0.18739448,0.18575019,0.5481745
1687,1031,1,8,72,0.30042613,0.28270152,0.25573432
1688,1032,1,8,73,0.34212482,0.31623226,0.1292814
1689,1033,1,8,74,0.3553617,0.32451963,0.073109806
1690,1034,1,8,75,0.35730743,0.32212096,0.045451313
1691,1035,1,8,76,0.35699838,0.32080227,0.041401327
1692,1036,1,8,77,0.35700166,0.32081416,0.041432947
1693,1037,1,8,78,0.35579067,0.31868002,0.04349643
1694,1038,1,8,79,0.3521656,0.31295785,0.048665166
1695,1039,1,8,80,0.3473102,0.30572736,0.05485338
1696,1040,1,8,81,0.34142858,0.29712367,0.061770767
1697,1041,1,8,82,0.33607304,0.2893042,0.06760079
1698,1042,1,8,83,0.33607304,0.2893042,0.06760079
1699,1043,1,8,84,0.33459574,0.28714433,0.069131374
1700,1044,1,8,85,0.3263925,0.27512294,0.07701412
1701,1045,1,8,86,0.31676668,0.26099503,0.08496398
1702,1046,1,8,87,0.30533007,0.24428381,0.09278056
1703,1047,1,8,88,0.29163274,0.22450462,0.10027781
1704,1048,1,8,89,0.29035422,0.22266671,0.10085589
1705,1049,1,8,90,0.29036352,0.22266904,0.10079944
1706,1050,1,8,91,0.27601287,0.20232563,0.10687524
1707,1051,1,8,92,0.25758225,0.17673913,0.112953454
1708,1052,1,8,93,0.23683232,0.14860752,0.11802894
1709,1053,1,8,94,0.21475591,0.11940718,0.121726274
1710,1054,1,8,95,0.2062814,0.10839817,0.12269881
1711,1055,1,8,96,0.2062814,0.10839817,0.12269881
1712,1056,1,8,97,0.2062814,0.10839817,0.12269881
1713,1057,1,8,98,0.2062814,0.10839817,0.12269881
1714,1058,1,8,99,0.050416805,0.033110693,0.77010673
1715,1059,1,8,100,0.092596285,0.05562792,0.62491345
1716,1060,1,8,101,0.15561493,0.08641793,0.37757388
1717,1061,1,8,102,0.18712936,0.099614486,0.22940889
1718,1062,1,8,103,0.20091522,0.10503326,0.15276077
1719,1063,1,8,104,0.20627362,0.108391136,0.12273684
1720,1064,1,8,105,0.206266,0.10838427,0.122773916
1721,1065,1,8,106,0.20625591,0.10837519,0.122823
1722,1066,1,8,107,0.22599262,0.13419767,0.12022507
1723,1067,1,8,108,0.24760015,0.16315067,0.115799665
1724,1068,1,8,109,0.26728588,0.19017147,0.11015606
1725,1069,1,8,110,0.28440958,0.21421477,0.10364333
1726,1070,1,8,111,0.29033983,0.22266307,0.10094279
1727,1071,1,8,112,0.29033983,0.22266307,0.10094279
1728,1072,1,8,113,0.29902893,0.23515292,0.09647578
1729,1073,1,8,114,0.3115117,0.25330117,0.08876279
1730,1074,1,8,115,0.32195675,0.26860994,0.08084145
1731,1075,1,8,116,0.3307985,0.2815798,0.07288873
1732,1076,1,8,117,0.33607483,0.28929496,0.06754956
1733,1077,1,8,118,0.3360762,0.2892874,0.06750798
1734,1078,1,8,119,0.33821768,0.29240456,0.06518313
1735,1079,1,8,120,0.34455526,0.3016518,0.057998776
1736,1080,1,8,121,0.34991384,0.3095392,0.05143532
1737,1081,1,8,122,0.35416776,0.3160205,0.04576394
1738,1082,1,8,123,0.35699403,0.3207866,0.0413599
1739,1083,1,8,124,0.35699403,0.3207866,0.0413599
1740,1084,1,8,125,0.35699403,0.3207866,0.0413599
1741,1085,1,8,126,0.35699403,0.3207866,0.0413599
1742,1086,1,9,0,0.0,0.0,0.9163666
1743,1087,1,9,1,0.00250493,0.0,0.8771776
1744,1088,1,9,2,0.042114012,0.020582192,0.7761133
1745,1089,1,9,3,0.085952826,0.046570286,0.6659199
1746,1090,1,9,4,0.12308647,0.06981345,0.57095784
1747,1091,1,9,5,0.14175239,0.081963286,0.52215
1748,1092,1,9,6,0.14175239,0.081963286,0.52215
1749,1093,1,9,7,0.14175239,0.081963286,0.52215
1750,1094,1,9,8,0.14175239,0.081963286,0.52215
1751,1095,1,9,9,0.14175239,0.081963286,0.52215
1752,1096,1,9,10,0.14175239,0.081963286,0.52215
1753,1097,1,9,11,0.14175239,0.081963286,0.52215
1754,1098,1,9,12,0.14175239,0.081963286,0.52215
1755,1099,1,9,13,0.14175239,0.081963286,0.52215
1756,1100,1,9,14,0.14175239,0.081963286,0.52215
1757,1101,1,9,15,0.14175239,0.081963286,0.52215
1758,1102,1,9,16,0.14175239,0.081963286,0.52215
1759,1103,1,9,17,0.14175239,0.081963286,0.52215
1760,1104,1,9,18,0.0,0.0,0.9333642
1761,1105,1,9,19,0.0072047412,0.0054943115,0.85460734
1762,1106,1,9,20,0.032142594,0.01855369,0.74842775
1763,1107,1,9,21,0.05602421,0.03154526,0.65094817
1764,1108,1,9,22,0.07454515,0.042235263,0.57622933
1765,1109,1,9,23,0.07785792,0.04426431,0.5630133
1766,1110,1,9,24,0.07785792,0.04426431,0.5630133
1767,1111,1,9,25,0.07785792,0.04426431,0.5630133
1768,1112,1,9,26,0.07785792,0.04426431,0.5630133
1769,1113,1,9,27,0.07785792,0.04426431,0.5630133
1770,1114,1,9,28,0.07785792,0.04426431,0.5630133
1771,1115,1,9,29,0.07785792,0.04426431,0.5630133
1772,1116,1,9,30,0.07785792,0.04426431,0.5630133
1773,1117,1,9,31,0.07785792,0.04426431,0.5630133
1774,1118,1,9,32,0.07785792,0.04426431,0.5630133
1775,1119,1,9,33,0.07785792,0.04426431,0.5630133
1776,1120,1,9,34,0.07785792,0.04426431,0.5630133
1777,1121,1,9,35,0.07785792,0.04426431,0.5630133
1778,1122,1,10,0,0.0,0.0,0.9227309
1779,1123,1,10,1,0.0009959489,0.00083245337,0.8837021
1780,1124,1,10,2,0.036478058,0.016942576,0.77384055
1781,1125,1,10,3,0.075936235,0.03642354,0.6562763
1782,1126,1,10,4,0.10538796,0.053854734,0.5714886
1783,1127,1,10,5,0.11777782,0.06328178,0.5377772
1784,1128,1,10,6,0.11777782,0.06328178,0.5377772
1785,1129,1,10,7,0.11777782,0.06328178,0.5377772
1786,1130,1,10,8,0.11777782,0.06328178,0.5377772
1787,1131,1,10,9,0.11777782,0.06328178,0.5377772
1788,1132,1,10,10,0.11777782,0.06328178,0.5377772
1789,1133,1,10,11,0.11777782,0.06328178,0.5377772
1790,1134,1,10,12,0.11777782,0.06328178,0.5377772
1791,1135,1,10,13,0.11777782,0.06328178,0.5377772
1792,1136,1,10,14,0.11777782,0.06328178,0.5377772
1793,1137,1,10,15,0.11777782,0.06328178,0.5377772
1794,1138,1,10,16,0.0,0.0,0.9206703
1795,1139,1,10,17,0.0,0.0,0.8397964
1796,1140,1,10,18,0.026120707,0.01247488,0.72002184
1797,1141,1,10,19,0.05298633,0.033614606,0.6204195
1798,1142,1,10,20,0.07387222,0.055692866,0.55710286
1799,1143,1,10,21,0.077568516,0.06046848,0.54778874
1800,1144,1,10,22,0.077568516,0.06046848,0.54778874
1801,1145,1,10,23,0.077568516,0.06046848,0.54778874
1802,1146,1,10,24,0.077568516,0.06046848,0.54778874
1803,1147,1,10,25,0.077568516,0.06046848,0.54778874
1804,1148,1,10,26,0.077568516,0.06046848,0.54778874
1805,1149,1,10,27,0.077568516,0.06046848,0.54778874
1806,1150,1,10,28,0.077568516,0.06046848,0.54778874
1807,1151,1,10,29,0.077568516,0.06046848,0.54778874
1808,1152,1,10,30,0.077568516,0.06046848,0.54778874
1809,1153,1,10,31,0.077568516,0.06046848,0.54778874
1810,1154,1,10,32,0.077568516,0.06046848,0.54778874
1811,1155,1,10,33,0.077568516,0.06046848,0.54778874
1812,1156,1,11,0,0.0,0.0,0.9264167
1813,1157,1,11,1,0.008624658,0.0019959807,0.890556
1814,1158,1,11,2,0.05380953,0.030242838,0.7706783
1815,1159,1,11,3,0.103302516,0.069720455,0.6351991
1816,1160,1,11,4,0.14306647,0.107758656,0.52681714
1817,1161,1,11,5,0.1621561,0.1293636,0.47626898
1818,1162,1,11,6,0.1621561,0.1293636,0.47626898
1819,1163,1,11,7,0.1621561,0.1293636,0.47626898
1820,1164,1,11,8,0.1621561,0.1293636,0.47626898
1821,1165,1,11,9,0.1621561,0.1293636,0.47626898
1822,1166,1,11,10,0.1621561,0.1293636,0.47626898
1823,1167,1,11,11,0.1621561,0.1293636,0.47626898
1824,1168,1,11,12,0.1621561,0.1293636,0.47626898
1825,1169,1,11,13,0.1621561,0.1293636,0.47626898
1826,1170,1,11,14,0.1621561,0.1293636,0.47626898
1827,1171,1,11,15,0.1621561,0.1293636,0.47626898
1828,1172,1,11,16,0.1621561,0.1293636,0.47626898
1829,1173,1,11,17,0.1621561,0.1293636,0.47626898
1830,1174,1,11,18,0.0,0.0,0.9054084
1831,1175,1,11,19,0.0019009113,0.0,0.8468117
1832,1176,1,11,20,0.012987986,0.0,0.76738703
1833,1177,1,11,21,0.024124578,0.0,0.6984479
1834,1178,1,11,22,0.032855943,0.0076071024,0.6532815
1835,1179,1,11,23,0.03453383,0.010556206,0.64625245
1836,1180,1,11,24,0.03453383,0.010556206,0.64625245
1837,1181,1,11,25,0.03453383,0.010556206,0.64625245
1838,1182,1,11,26,0.03453383,0.010556206,0.64625245
1839,1183,1,11,27,0.03453383,0.010556206,0.64625245
1840,1184,1,11,28,0.03453383,0.010556206,0.64625245
1841,1185,1,11,29,0.03453383,0.010556206,0.64625245
1842,1186,1,11,30,0.03453383,0.010556206,0.64625245
1843,1187,1,11,31,0.03453383,0.010556206,0.64625245
1844,1188,1,11,32,0.03453383,0.010556206,0.64625245
1845,1189,1,11,33,0.03453383,0.010556206,0.64625245
1846,1190,1,11,34,0.03453383,0.010556206,0.64625245
1847,1191,1,11,35,0.03453383,0.010556206,0.64625245
1848,1192,1,12,0,0.0,0.0,0.93481934
1849,1193,1,12,1,0.0013457388,0.0,0.90527445
1850,1194,1,12,2,0.03747219,0.017555296,0.8122934
1851,1195,1,12,3,0.073770985,0.038123727,0.71308243
1852,1196,1,12,4,0.09997717,0.057580948,0.64182436
1853,1197,1,12,5,0.11102112,0.06931202,0.613344
1854,1198,1,12,6,0.11102112,0.06931202,0.613344
1855,1199,1,12,7,0.11102112,0.06931202,0.613344
1856,1200,1,12,8,0.11102112,0.06931202,0.613344
1857,1201,1,12,9,0.11102112,0.06931202,0.613344
1858,1202,1,12,10,0.11102112,0.06931202,0.613344
1859,1203,1,12,11,0.11102112,0.06931202,0.613344
1860,1204,1,12,12,0.11102112,0.06931202,0.613344
1861,1205,1,12,13,0.11102112,0.06931202,0.613344
1862,1206,1,12,14,0.11102112,0.06931202,0.613344
1863,1207,1,12,15,0.11102112,0.06931202,0.613344
1864,1208,1,12,16,0.11102112,0.06931202,0.613344
1865,1209,1,12,17,0.11102112,0.06931202,0.613344
1866,1210,1,12,18,0.0,0.0,0.96978784
1867,1211,1,12,19,0.011338353,0.006633863,0.9266369
1868,1212,1,12,20,0.057736672,0.039731786,0.82728577
1869,1213,1,12,21,0.104204334,0.07764987,0.72823
1870,1214,1,12,22,0.14292078,0.11520161,0.6531651
1871,1215,1,12,23,0.15024692,0.123271324,0.64012927
1872,1216,1,12,24,0.15024692,0.123271324,0.64012927
1873,1217,1,12,25,0.15024692,0.123271324,0.64012927
1874,1218,1,12,26,0.15024692,0.123271324,0.64012927
1875,1219,1,12,27,0.15024692,0.123271324,0.64012927
1876,1220,1,12,28,0.15024692,0.123271324,0.64012927
1877,1221,1,12,29,0.15024692,0.123271324,0.64012927
1878,1222,1,12,30,0.15024692,0.123271324,0.64012927
1879,1223,1,12,31,0.15024692,0.123271324,0.64012927
1880,1224,1,12,32,0.15024692,0.123271324,0.64012927
1881,1225,1,12,33,0.15024692,0.123271324,0.64012927
1882,1226,1,12,34,0.15024692,0.123271324,0.64012927
